WARNING: Using incubator modules: jdk.incubator.vector
Using Spark's default log4j profile: org/apache/spark/log4j2-defaults.properties
26/10/02 15:30:33 INFO SparkContext: Running Spark version 4.2.0
26/10/02 15:30:33 INFO SparkContext: OS info Linux, 6.8.0-1064-azure, amd64
26/10/02 15:30:33 INFO SparkContext: Java version 21.0.11+10-LTS
26/10/02 15:30:33 WARN NativeCodeLoader: Unable to load native-hadoop library for your platform... using builtin-java classes where applicable
26/10/02 15:30:33 INFO ResourceUtils: ==============================================================
26/10/02 15:30:33 INFO ResourceUtils: No custom resources configured for spark.driver.
26/10/02 15:30:33 INFO ResourceUtils: ==============================================================
26/10/02 15:30:33 INFO SparkContext: Submitted application: MusicAnalysis
26/10/02 15:30:33 INFO SecurityManager: Changing view acls to: spark
26/10/02 15:30:33 INFO SecurityManager: Changing modify acls to: spark
26/10/02 15:30:33 INFO SecurityManager: Changing view acls groups to: spark
26/10/02 15:30:33 INFO SecurityManager: Changing modify acls groups to: spark
26/10/02 15:30:33 INFO SecurityManager: SecurityManager: authentication disabled; ui acls disabled; users with view permissions: spark groups with view permissions: EMPTY; users with modify permissions: spark; groups with modify permissions: EMPTY; RPC SSL disabled
26/10/02 15:30:33 INFO Utils: Successfully started service 'sparkDriver' on port 44211.
26/10/02 15:30:34 INFO SparkEnv: Registering MapOutputTracker
26/10/02 15:30:34 INFO SparkEnv: Registering BlockManagerMaster
26/10/02 15:30:34 INFO BlockManagerMasterEndpoint: Using org.apache.spark.storage.DefaultTopologyMapper for getting topology information
26/10/02 15:30:34 INFO BlockManagerMasterEndpoint: BlockManagerMasterEndpoint up
26/10/02 15:30:34 INFO SparkEnv: Registering BlockManagerMasterHeartbeat
26/10/02 15:30:34 INFO DiskBlockManager: Created local directory at /tmp/blockmgr-ecf51ab0-2bb4-4551-ab48-1b72324d0c6d
26/10/02 15:30:34 INFO SparkEnv: Registering OutputCommitCoordinator
26/10/02 15:30:34 INFO JettyUtils: Start Jetty 127.0.0.1:4040 for SparkUI
26/10/02 15:30:34 INFO Utils: Successfully started service 'SparkUI' on port 4040.
26/10/02 15:30:34 INFO ResourceProfile: Default ResourceProfile created, executor resources: Map(memory -> name: memory, amount: 1024, script: , vendor: , offHeap -> name: offHeap, amount: 0, script: , vendor: ), task resources: Map(cpus -> name: cpus, amount: 1.0)
26/10/02 15:30:34 INFO ResourceProfile: Limiting resource is cpu
26/10/02 15:30:34 INFO ResourceProfileManager: Added ResourceProfile id: 0
26/10/02 15:30:34 INFO SecurityManager: Changing view acls to: spark
26/10/02 15:30:34 INFO SecurityManager: Changing modify acls to: spark
26/10/02 15:30:34 INFO SecurityManager: Changing view acls groups to: spark
26/10/02 15:30:34 INFO SecurityManager: Changing modify acls groups to: spark
26/10/02 15:30:34 INFO SecurityManager: SecurityManager: authentication disabled; ui acls disabled; users with view permissions: spark groups with view permissions: EMPTY; users with modify permissions: spark; groups with modify permissions: EMPTY; RPC SSL disabled
26/10/02 15:30:35 INFO StandaloneAppClient$ClientEndpoint: Connecting to master spark://spark-master:7077...
26/10/02 15:30:35 INFO TransportClientFactory: Successfully created connection to spark-master/127.0.0.1:7077 after 28 ms (0 ms spent in bootstraps)
26/10/02 15:30:35 INFO StandaloneSchedulerBackend: Connected to Spark cluster with app ID app-20261002153035-0001
26/10/02 15:30:35 INFO Utils: Successfully started service 'org.apache.spark.network.netty.NettyBlockTransferService' on port 44975.
26/10/02 15:30:35 INFO NettyBlockTransferService: Server created on localhost:44975
26/10/02 15:30:35 INFO StandaloneAppClient$ClientEndpoint: Executor added: app-20261002153035-0001/0 on worker-20261002151228-127.0.0.1-7079 (127.0.0.1:7079) with 2 core(s)
26/10/02 15:30:35 INFO BlockManager: Using org.apache.spark.storage.RandomBlockReplicationPolicy for block replication policy
26/10/02 15:30:35 INFO StandaloneSchedulerBackend: Granted executor ID app-20261002153035-0001/0 on hostPort 127.0.0.1:7079 with 2 core(s), 1024.0 MiB RAM
26/10/02 15:30:35 INFO StandaloneAppClient$ClientEndpoint: Executor added: app-20261002153035-0001/1 on worker-20261002151228-127.0.0.1-7078 (127.0.0.1:7078) with 2 core(s)
26/10/02 15:30:35 INFO StandaloneSchedulerBackend: Granted executor ID app-20261002153035-0001/1 on hostPort 127.0.0.1:7078 with 2 core(s), 1024.0 MiB RAM
26/10/02 15:30:35 INFO BlockManagerMaster: Registering BlockManager BlockManagerId(driver, localhost, 44975, None)
26/10/02 15:30:35 INFO StandaloneAppClient$ClientEndpoint: Executor updated: app-20261002153035-0001/0 is now RUNNING
26/10/02 15:30:35 INFO StandaloneAppClient$ClientEndpoint: Executor updated: app-20261002153035-0001/1 is now RUNNING
26/10/02 15:30:35 INFO BlockManagerMasterEndpoint: Registering block manager localhost:44975 with 434.4 MiB RAM, BlockManagerId(driver, localhost, 44975, None)
26/10/02 15:30:35 INFO BlockManagerMaster: Registered BlockManager BlockManagerId(driver, localhost, 44975, None)
26/10/02 15:30:35 INFO BlockManager: Initialized BlockManager: BlockManagerId(driver, localhost, 44975, None)
26/10/02 15:30:36 INFO StandaloneSchedulerBackend: SchedulerBackend is ready for scheduling beginning after reached minRegisteredResourcesRatio: 0.0
26/10/02 15:30:45 INFO StandaloneSchedulerBackend$StandaloneDriverEndpoint: Registered executor NettyRpcEndpointRef(spark-client://Executor) (127.0.0.1:45488) with ID 1, ResourceProfileId 0
26/10/02 15:30:45 INFO StandaloneSchedulerBackend$StandaloneDriverEndpoint: Registered executor NettyRpcEndpointRef(spark-client://Executor) (127.0.0.1:45486) with ID 0, ResourceProfileId 0
26/10/02 15:30:46 INFO BlockManagerMasterEndpoint: Registering block manager 127.0.0.1:40075 with 434.4 MiB RAM, BlockManagerId(0, 127.0.0.1, 40075, None)
26/10/02 15:30:46 INFO BlockManagerMasterEndpoint: Registering block manager 127.0.0.1:37113 with 434.4 MiB RAM, BlockManagerId(1, 127.0.0.1, 37113, None)
26/10/02 15:30:46 INFO SharedState: Setting hive.metastore.warehouse.dir ('null') to the value of spark.sql.warehouse.dir.
26/10/02 15:30:46 INFO SharedState: Warehouse path is 'file:/opt/spark/work-dir/spark-warehouse'.
26/10/02 15:30:47 INFO InMemoryFileIndex: It took 28 ms to list leaf files for 1 paths.
26/10/02 15:30:48 INFO InMemoryFileIndex: It took 2 ms to list leaf files for 1 paths.
root
 |-- user_id: string (nullable = true)
 |-- song_id: string (nullable = true)
 |-- timestamp: timestamp (nullable = true)
 |-- duration_sec: integer (nullable = true)

26/10/02 15:30:49 INFO FileSourceStrategy: Pushed Filters: 
26/10/02 15:30:49 INFO FileSourceStrategy: Post-Scan Filters: Set()
26/10/02 15:30:49 INFO CodeGenerator: Code generated in 227.371085 ms
26/10/02 15:30:49 INFO MemoryStore: MemoryStore started with capacity 434.4 MiB
26/10/02 15:30:50 INFO MemoryStore: Block broadcast_0 stored as values in memory (estimated size 214.6 KiB, free 434.2 MiB)
26/10/02 15:30:50 INFO MemoryStore: Block broadcast_0_piece0 stored as bytes in memory (estimated size 39.6 KiB, free 434.2 MiB)
26/10/02 15:30:50 INFO SparkContext: Created broadcast 0 from $anonfun$withThreadLocalCaptured$1 at CompletableFuture.java:1768
26/10/02 15:30:50 INFO FileSourceScanExec: Planning scan with bin packing, max size: 4194304 bytes, open cost is considered as scanning 4194304 bytes.
26/10/02 15:30:50 INFO DAGScheduler: Registering RDD 3 ($anonfun$withThreadLocalCaptured$1 at CompletableFuture.java:1768) as input to shuffle 0
26/10/02 15:30:50 INFO DAGScheduler: Got map stage job 0 ($anonfun$withThreadLocalCaptured$1 at CompletableFuture.java:1768) with 1 output partitions
26/10/02 15:30:50 INFO DAGScheduler: Final stage: ShuffleMapStage 0 ($anonfun$withThreadLocalCaptured$1 at CompletableFuture.java:1768)
26/10/02 15:30:50 INFO DAGScheduler: Parents of final stage: List()
26/10/02 15:30:50 INFO DAGScheduler: Missing parents: List()
26/10/02 15:30:50 INFO DAGScheduler: Missing parents found for ShuffleMapStage 0: List()
26/10/02 15:30:50 INFO DAGScheduler: Submitting ShuffleMapStage 0 (MapPartitionsRDD[3] at $anonfun$withThreadLocalCaptured$1 at CompletableFuture.java:1768), which has no missing parents
26/10/02 15:30:50 INFO MemoryStore: Block broadcast_1 stored as values in memory (estimated size 20.8 KiB, free 434.1 MiB)
26/10/02 15:30:50 INFO MemoryStore: Block broadcast_1_piece0 stored as bytes in memory (estimated size 9.9 KiB, free 434.1 MiB)
26/10/02 15:30:50 INFO SparkContext: Created broadcast 1 from broadcast at DAGScheduler.scala:1760
26/10/02 15:30:50 INFO DAGScheduler: Submitting 1 missing tasks from ShuffleMapStage 0 (MapPartitionsRDD[3] at $anonfun$withThreadLocalCaptured$1 at CompletableFuture.java:1768) (first 15 tasks are for partitions Vector(0))
26/10/02 15:30:50 INFO TaskSchedulerImpl: Adding task set 0.0 with 1 tasks resource profile 0
26/10/02 15:30:50 INFO TaskSetManager: Starting task 0.0 in stage 0.0 (TID 0) (127.0.0.1,executor 0, partition 0, PROCESS_LOCAL, 10245 bytes) 
26/10/02 15:30:52 INFO TaskSetManager: Finished task 0.0 in stage 0.0 (TID 0) in 1737 ms on 127.0.0.1 (executor 0) (1/1)
26/10/02 15:30:52 INFO TaskSchedulerImpl: Removed TaskSet 0.0 whose tasks have all completed, from pool 
26/10/02 15:30:52 INFO DAGScheduler: ShuffleMapStage 0 ($anonfun$withThreadLocalCaptured$1 at CompletableFuture.java:1768) finished in 1903 ms
26/10/02 15:30:52 INFO DAGScheduler: looking for newly runnable stages
26/10/02 15:30:52 INFO DAGScheduler: running: HashSet()
26/10/02 15:30:52 INFO DAGScheduler: waiting: HashSet()
26/10/02 15:30:52 INFO DAGScheduler: failed: HashSet()
26/10/02 15:30:52 INFO CodeGenerator: Code generated in 30.297359 ms
26/10/02 15:30:52 INFO SparkContext: Starting job: $anonfun$withThreadLocalCaptured$1 at CompletableFuture.java:1768
26/10/02 15:30:52 INFO DAGScheduler: Got job 1 ($anonfun$withThreadLocalCaptured$1 at CompletableFuture.java:1768) with 1 output partitions
26/10/02 15:30:52 INFO DAGScheduler: Final stage: ResultStage 2 ($anonfun$withThreadLocalCaptured$1 at CompletableFuture.java:1768)
26/10/02 15:30:52 INFO DAGScheduler: Parents of final stage: List(ShuffleMapStage 1)
26/10/02 15:30:52 INFO DAGScheduler: Missing parents: List()
26/10/02 15:30:52 INFO DAGScheduler: Missing parents found for ResultStage 2: List()
26/10/02 15:30:52 INFO DAGScheduler: Submitting ResultStage 2 (MapPartitionsRDD[6] at $anonfun$withThreadLocalCaptured$1 at CompletableFuture.java:1768), which has no missing parents
26/10/02 15:30:52 INFO MemoryStore: Block broadcast_2 stored as values in memory (estimated size 14.1 KiB, free 434.1 MiB)
26/10/02 15:30:52 INFO MemoryStore: Block broadcast_2_piece0 stored as bytes in memory (estimated size 6.8 KiB, free 434.1 MiB)
26/10/02 15:30:52 INFO SparkContext: Created broadcast 2 from broadcast at DAGScheduler.scala:1760
26/10/02 15:30:52 INFO DAGScheduler: Submitting 1 missing tasks from ResultStage 2 (MapPartitionsRDD[6] at $anonfun$withThreadLocalCaptured$1 at CompletableFuture.java:1768) (first 15 tasks are for partitions Vector(0))
26/10/02 15:30:52 INFO TaskSchedulerImpl: Adding task set 2.0 with 1 tasks resource profile 0
26/10/02 15:30:52 INFO TaskSetManager: Starting task 0.0 in stage 2.0 (TID 1) (127.0.0.1,executor 0, partition 0, NODE_LOCAL, 9635 bytes) 
26/10/02 15:30:52 INFO MapOutputTrackerMasterEndpoint: Asked to send map output locations for shuffle 0 to 127.0.0.1:45486
26/10/02 15:30:52 INFO TaskSetManager: Finished task 0.0 in stage 2.0 (TID 1) in 327 ms on 127.0.0.1 (executor 0) (1/1)
26/10/02 15:30:52 INFO TaskSchedulerImpl: Removed TaskSet 2.0 whose tasks have all completed, from pool 
26/10/02 15:30:52 INFO DAGScheduler: ResultStage 2 ($anonfun$withThreadLocalCaptured$1 at CompletableFuture.java:1768) finished in 350 ms
26/10/02 15:30:52 INFO DAGScheduler: Job 1 is finished. Cancelling potential speculative or zombie tasks for this job
26/10/02 15:30:52 INFO TaskSchedulerImpl: Canceling stage 2
26/10/02 15:30:52 INFO TaskSchedulerImpl: Killing all running tasks in stage 2: Stage finished
26/10/02 15:30:52 INFO DAGScheduler: Job 1 finished: $anonfun$withThreadLocalCaptured$1 at CompletableFuture.java:1768, took 388.23667 ms
26/10/02 15:30:52 INFO DAGScheduler: Asked to cleanup jobs for query execution 0
26/10/02 15:30:52 INFO FileSourceStrategy: Pushed Filters: 
26/10/02 15:30:52 INFO FileSourceStrategy: Post-Scan Filters: Set()
26/10/02 15:30:52 INFO MemoryStore: Block broadcast_3 stored as values in memory (estimated size 214.6 KiB, free 433.9 MiB)
26/10/02 15:30:53 INFO MemoryStore: Block broadcast_3_piece0 stored as bytes in memory (estimated size 39.6 KiB, free 433.9 MiB)
26/10/02 15:30:53 INFO SparkContext: Created broadcast 3 from $anonfun$withThreadLocalCaptured$1 at CompletableFuture.java:1768
26/10/02 15:30:53 INFO FileSourceScanExec: Planning scan with bin packing, max size: 4194304 bytes, open cost is considered as scanning 4194304 bytes.
26/10/02 15:30:53 INFO DAGScheduler: Registering RDD 10 ($anonfun$withThreadLocalCaptured$1 at CompletableFuture.java:1768) as input to shuffle 1
26/10/02 15:30:53 INFO DAGScheduler: Got map stage job 2 ($anonfun$withThreadLocalCaptured$1 at CompletableFuture.java:1768) with 1 output partitions
26/10/02 15:30:53 INFO DAGScheduler: Final stage: ShuffleMapStage 3 ($anonfun$withThreadLocalCaptured$1 at CompletableFuture.java:1768)
26/10/02 15:30:53 INFO DAGScheduler: Parents of final stage: List()
26/10/02 15:30:53 INFO DAGScheduler: Missing parents: List()
26/10/02 15:30:53 INFO DAGScheduler: Missing parents found for ShuffleMapStage 3: List()
26/10/02 15:30:53 INFO DAGScheduler: Submitting ShuffleMapStage 3 (MapPartitionsRDD[10] at $anonfun$withThreadLocalCaptured$1 at CompletableFuture.java:1768), which has no missing parents
26/10/02 15:30:53 INFO MemoryStore: Block broadcast_4 stored as values in memory (estimated size 20.3 KiB, free 433.8 MiB)
26/10/02 15:30:53 INFO MemoryStore: Block broadcast_4_piece0 stored as bytes in memory (estimated size 9.9 KiB, free 433.8 MiB)
26/10/02 15:30:53 INFO SparkContext: Created broadcast 4 from broadcast at DAGScheduler.scala:1760
26/10/02 15:30:53 INFO DAGScheduler: Submitting 1 missing tasks from ShuffleMapStage 3 (MapPartitionsRDD[10] at $anonfun$withThreadLocalCaptured$1 at CompletableFuture.java:1768) (first 15 tasks are for partitions Vector(0))
26/10/02 15:30:53 INFO TaskSchedulerImpl: Adding task set 3.0 with 1 tasks resource profile 0
26/10/02 15:30:53 INFO TaskSetManager: Starting task 0.0 in stage 3.0 (TID 2) (127.0.0.1,executor 1, partition 0, PROCESS_LOCAL, 10245 bytes) 
26/10/02 15:30:55 INFO TaskSetManager: Finished task 0.0 in stage 3.0 (TID 2) in 2143 ms on 127.0.0.1 (executor 1) (1/1)
26/10/02 15:30:55 INFO TaskSchedulerImpl: Removed TaskSet 3.0 whose tasks have all completed, from pool 
26/10/02 15:30:55 INFO DAGScheduler: ShuffleMapStage 3 ($anonfun$withThreadLocalCaptured$1 at CompletableFuture.java:1768) finished in 2206 ms
26/10/02 15:30:55 INFO DAGScheduler: looking for newly runnable stages
26/10/02 15:30:55 INFO DAGScheduler: running: HashSet()
26/10/02 15:30:55 INFO DAGScheduler: waiting: HashSet()
26/10/02 15:30:55 INFO DAGScheduler: failed: HashSet()
26/10/02 15:30:55 INFO SparkContext: Starting job: $anonfun$withThreadLocalCaptured$1 at CompletableFuture.java:1768
26/10/02 15:30:55 INFO DAGScheduler: Got job 3 ($anonfun$withThreadLocalCaptured$1 at CompletableFuture.java:1768) with 1 output partitions
26/10/02 15:30:55 INFO DAGScheduler: Final stage: ResultStage 5 ($anonfun$withThreadLocalCaptured$1 at CompletableFuture.java:1768)
26/10/02 15:30:55 INFO DAGScheduler: Parents of final stage: List(ShuffleMapStage 4)
26/10/02 15:30:55 INFO DAGScheduler: Missing parents: List()
26/10/02 15:30:55 INFO DAGScheduler: Missing parents found for ResultStage 5: List()
26/10/02 15:30:55 INFO DAGScheduler: Submitting ResultStage 5 (MapPartitionsRDD[13] at $anonfun$withThreadLocalCaptured$1 at CompletableFuture.java:1768), which has no missing parents
26/10/02 15:30:55 INFO MemoryStore: Block broadcast_5 stored as values in memory (estimated size 14.1 KiB, free 433.9 MiB)
26/10/02 15:30:55 INFO MemoryStore: Block broadcast_5_piece0 stored as bytes in memory (estimated size 6.8 KiB, free 433.9 MiB)
26/10/02 15:30:55 INFO SparkContext: Created broadcast 5 from broadcast at DAGScheduler.scala:1760
26/10/02 15:30:55 INFO DAGScheduler: Submitting 1 missing tasks from ResultStage 5 (MapPartitionsRDD[13] at $anonfun$withThreadLocalCaptured$1 at CompletableFuture.java:1768) (first 15 tasks are for partitions Vector(0))
26/10/02 15:30:55 INFO TaskSchedulerImpl: Adding task set 5.0 with 1 tasks resource profile 0
26/10/02 15:30:55 INFO TaskSetManager: Starting task 0.0 in stage 5.0 (TID 3) (127.0.0.1,executor 1, partition 0, NODE_LOCAL, 9635 bytes) 
26/10/02 15:30:55 INFO MapOutputTrackerMasterEndpoint: Asked to send map output locations for shuffle 1 to 127.0.0.1:45488
26/10/02 15:30:55 INFO TaskSetManager: Finished task 0.0 in stage 5.0 (TID 3) in 281 ms on 127.0.0.1 (executor 1) (1/1)
26/10/02 15:30:55 INFO TaskSchedulerImpl: Removed TaskSet 5.0 whose tasks have all completed, from pool 
26/10/02 15:30:55 INFO DAGScheduler: ResultStage 5 ($anonfun$withThreadLocalCaptured$1 at CompletableFuture.java:1768) finished in 308 ms
26/10/02 15:30:55 INFO DAGScheduler: Job 3 is finished. Cancelling potential speculative or zombie tasks for this job
26/10/02 15:30:55 INFO TaskSchedulerImpl: Canceling stage 5
26/10/02 15:30:55 INFO TaskSchedulerImpl: Killing all running tasks in stage 5: Stage finished
26/10/02 15:30:55 INFO DAGScheduler: Job 3 finished: $anonfun$withThreadLocalCaptured$1 at CompletableFuture.java:1768, took 316.118527 ms
26/10/02 15:30:55 INFO DAGScheduler: Asked to cleanup jobs for query execution 1
1000 log rows, 50 songs

=== task1 ===
26/10/02 15:30:56 INFO FileSourceStrategy: Pushed Filters: IsNotNull(song_id)
26/10/02 15:30:56 INFO FileSourceStrategy: Post-Scan Filters: Set(isnotnull(song_id#1))
26/10/02 15:30:56 INFO FileSourceStrategy: Pushed Filters: IsNotNull(song_id)
26/10/02 15:30:56 INFO FileSourceStrategy: Post-Scan Filters: Set(isnotnull(song_id#4))
26/10/02 15:30:56 INFO CodeGenerator: Code generated in 23.406269 ms
26/10/02 15:30:56 INFO MemoryStore: Block broadcast_6 stored as values in memory (estimated size 214.6 KiB, free 433.6 MiB)
26/10/02 15:30:56 INFO MemoryStore: Block broadcast_6_piece0 stored as bytes in memory (estimated size 39.6 KiB, free 433.6 MiB)
26/10/02 15:30:56 INFO SparkContext: Created broadcast 6 from $anonfun$withThreadLocalCaptured$1 at CompletableFuture.java:1768
26/10/02 15:30:56 INFO FileSourceScanExec: Planning scan with bin packing, max size: 4194304 bytes, open cost is considered as scanning 4194304 bytes.
26/10/02 15:30:56 INFO SparkContext: Starting job: $anonfun$withThreadLocalCaptured$1 at CompletableFuture.java:1768
26/10/02 15:30:56 INFO DAGScheduler: Got job 4 ($anonfun$withThreadLocalCaptured$1 at CompletableFuture.java:1768) with 1 output partitions
26/10/02 15:30:56 INFO DAGScheduler: Final stage: ResultStage 6 ($anonfun$withThreadLocalCaptured$1 at CompletableFuture.java:1768)
26/10/02 15:30:56 INFO DAGScheduler: Parents of final stage: List()
26/10/02 15:30:56 INFO DAGScheduler: Missing parents: List()
26/10/02 15:30:56 INFO DAGScheduler: Missing parents found for ResultStage 6: List()
26/10/02 15:30:56 INFO DAGScheduler: Submitting ResultStage 6 (MapPartitionsRDD[17] at $anonfun$withThreadLocalCaptured$1 at CompletableFuture.java:1768), which has no missing parents
26/10/02 15:30:56 INFO MemoryStore: Block broadcast_7 stored as values in memory (estimated size 16.7 KiB, free 433.6 MiB)
26/10/02 15:30:56 INFO MemoryStore: Block broadcast_7_piece0 stored as bytes in memory (estimated size 8.1 KiB, free 433.6 MiB)
26/10/02 15:30:56 INFO SparkContext: Created broadcast 7 from broadcast at DAGScheduler.scala:1760
26/10/02 15:30:56 INFO DAGScheduler: Submitting 1 missing tasks from ResultStage 6 (MapPartitionsRDD[17] at $anonfun$withThreadLocalCaptured$1 at CompletableFuture.java:1768) (first 15 tasks are for partitions Vector(0))
26/10/02 15:30:56 INFO TaskSchedulerImpl: Adding task set 6.0 with 1 tasks resource profile 0
26/10/02 15:30:56 INFO TaskSetManager: Starting task 0.0 in stage 6.0 (TID 4) (127.0.0.1,executor 1, partition 0, PROCESS_LOCAL, 10256 bytes) 
26/10/02 15:30:57 INFO TaskSetManager: Finished task 0.0 in stage 6.0 (TID 4) in 555 ms on 127.0.0.1 (executor 1) (1/1)
26/10/02 15:30:57 INFO TaskSchedulerImpl: Removed TaskSet 6.0 whose tasks have all completed, from pool 
26/10/02 15:30:57 INFO DAGScheduler: ResultStage 6 ($anonfun$withThreadLocalCaptured$1 at CompletableFuture.java:1768) finished in 586 ms
26/10/02 15:30:57 INFO DAGScheduler: Job 4 is finished. Cancelling potential speculative or zombie tasks for this job
26/10/02 15:30:57 INFO TaskSchedulerImpl: Canceling stage 6
26/10/02 15:30:57 INFO TaskSchedulerImpl: Killing all running tasks in stage 6: Stage finished
26/10/02 15:30:57 INFO DAGScheduler: Job 4 finished: $anonfun$withThreadLocalCaptured$1 at CompletableFuture.java:1768, took 604.848716 ms
26/10/02 15:30:57 INFO CodeGenerator: Code generated in 23.674107 ms
26/10/02 15:30:57 INFO MemoryStore: Block broadcast_8_piece0 stored as bytes in memory (estimated size 1100.0 B, free 433.9 MiB)
26/10/02 15:30:57 INFO SparkContext: Created broadcast 8 from $anonfun$withThreadLocalCaptured$1 at CompletableFuture.java:1768
26/10/02 15:30:57 INFO FileSourceStrategy: Pushed Filters: IsNotNull(song_id)
26/10/02 15:30:57 INFO FileSourceStrategy: Post-Scan Filters: Set(isnotnull(song_id#1))
26/10/02 15:30:57 INFO CodeGenerator: Code generated in 83.977431 ms
26/10/02 15:30:57 INFO MemoryStore: Block broadcast_9 stored as values in memory (estimated size 214.6 KiB, free 433.7 MiB)
26/10/02 15:30:57 INFO MemoryStore: Block broadcast_9_piece0 stored as bytes in memory (estimated size 39.6 KiB, free 433.7 MiB)
26/10/02 15:30:57 INFO SparkContext: Created broadcast 9 from $anonfun$withThreadLocalCaptured$1 at CompletableFuture.java:1768
26/10/02 15:30:57 INFO FileSourceScanExec: Planning scan with bin packing, max size: 4194304 bytes, open cost is considered as scanning 4194304 bytes.
26/10/02 15:30:57 INFO DAGScheduler: Registering RDD 21 ($anonfun$withThreadLocalCaptured$1 at CompletableFuture.java:1768) as input to shuffle 2
26/10/02 15:30:57 INFO DAGScheduler: Got map stage job 5 ($anonfun$withThreadLocalCaptured$1 at CompletableFuture.java:1768) with 1 output partitions
26/10/02 15:30:57 INFO DAGScheduler: Final stage: ShuffleMapStage 7 ($anonfun$withThreadLocalCaptured$1 at CompletableFuture.java:1768)
26/10/02 15:30:57 INFO DAGScheduler: Parents of final stage: List()
26/10/02 15:30:57 INFO DAGScheduler: Missing parents: List()
26/10/02 15:30:57 INFO DAGScheduler: Missing parents found for ShuffleMapStage 7: List()
26/10/02 15:30:57 INFO DAGScheduler: Submitting ShuffleMapStage 7 (MapPartitionsRDD[21] at $anonfun$withThreadLocalCaptured$1 at CompletableFuture.java:1768), which has no missing parents
26/10/02 15:30:57 INFO MemoryStore: Block broadcast_10 stored as values in memory (estimated size 52.8 KiB, free 433.6 MiB)
26/10/02 15:30:57 INFO MemoryStore: Block broadcast_10_piece0 stored as bytes in memory (estimated size 20.9 KiB, free 433.6 MiB)
26/10/02 15:30:57 INFO SparkContext: Created broadcast 10 from broadcast at DAGScheduler.scala:1760
26/10/02 15:30:57 INFO DAGScheduler: Submitting 1 missing tasks from ShuffleMapStage 7 (MapPartitionsRDD[21] at $anonfun$withThreadLocalCaptured$1 at CompletableFuture.java:1768) (first 15 tasks are for partitions Vector(0))
26/10/02 15:30:57 INFO TaskSchedulerImpl: Adding task set 7.0 with 1 tasks resource profile 0
26/10/02 15:30:57 INFO TaskSetManager: Starting task 0.0 in stage 7.0 (TID 5) (127.0.0.1,executor 0, partition 0, PROCESS_LOCAL, 10245 bytes) 
26/10/02 15:30:58 INFO TaskSetManager: Finished task 0.0 in stage 7.0 (TID 5) in 1014 ms on 127.0.0.1 (executor 0) (1/1)
26/10/02 15:30:58 INFO TaskSchedulerImpl: Removed TaskSet 7.0 whose tasks have all completed, from pool 
26/10/02 15:30:58 INFO DAGScheduler: ShuffleMapStage 7 ($anonfun$withThreadLocalCaptured$1 at CompletableFuture.java:1768) finished in 1036 ms
26/10/02 15:30:58 INFO DAGScheduler: looking for newly runnable stages
26/10/02 15:30:58 INFO DAGScheduler: running: HashSet()
26/10/02 15:30:58 INFO DAGScheduler: waiting: HashSet()
26/10/02 15:30:58 INFO DAGScheduler: failed: HashSet()
26/10/02 15:30:58 INFO ShufflePartitionsUtil: For shuffle(2, advisory target size: 67108864, actual target size 1048576, minimum partition size: 1048576
26/10/02 15:30:58 INFO HashAggregateExec: spark.sql.codegen.aggregate.map.twolevel.enabled is set to true, but current version of codegened fast hashmap does not support this aggregate.
26/10/02 15:30:58 INFO CodeGenerator: Code generated in 29.700621 ms
26/10/02 15:30:58 INFO DAGScheduler: Registering RDD 25 ($anonfun$withThreadLocalCaptured$1 at CompletableFuture.java:1768) as input to shuffle 3
26/10/02 15:30:58 INFO DAGScheduler: Got map stage job 6 ($anonfun$withThreadLocalCaptured$1 at CompletableFuture.java:1768) with 1 output partitions
26/10/02 15:30:58 INFO DAGScheduler: Final stage: ShuffleMapStage 9 ($anonfun$withThreadLocalCaptured$1 at CompletableFuture.java:1768)
26/10/02 15:30:58 INFO DAGScheduler: Parents of final stage: List(ShuffleMapStage 8)
26/10/02 15:30:58 INFO DAGScheduler: Missing parents: List()
26/10/02 15:30:58 INFO DAGScheduler: Missing parents found for ShuffleMapStage 9: List()
26/10/02 15:30:58 INFO DAGScheduler: Submitting ShuffleMapStage 9 (MapPartitionsRDD[25] at $anonfun$withThreadLocalCaptured$1 at CompletableFuture.java:1768), which has no missing parents
26/10/02 15:30:58 INFO MemoryStore: Block broadcast_11 stored as values in memory (estimated size 65.4 KiB, free 433.5 MiB)
26/10/02 15:30:58 INFO MemoryStore: Block broadcast_11_piece0 stored as bytes in memory (estimated size 24.0 KiB, free 433.5 MiB)
26/10/02 15:30:58 INFO SparkContext: Created broadcast 11 from broadcast at DAGScheduler.scala:1760
26/10/02 15:30:58 INFO DAGScheduler: Submitting 1 missing tasks from ShuffleMapStage 9 (MapPartitionsRDD[25] at $anonfun$withThreadLocalCaptured$1 at CompletableFuture.java:1768) (first 15 tasks are for partitions Vector(0))
26/10/02 15:30:58 INFO TaskSchedulerImpl: Adding task set 9.0 with 1 tasks resource profile 0
26/10/02 15:30:58 INFO TaskSetManager: Starting task 0.0 in stage 9.0 (TID 6) (127.0.0.1,executor 0, partition 0, NODE_LOCAL, 9624 bytes) 
26/10/02 15:30:59 INFO MapOutputTrackerMasterEndpoint: Asked to send map output locations for shuffle 2 to 127.0.0.1:45486
26/10/02 15:30:59 INFO TaskSetManager: Finished task 0.0 in stage 9.0 (TID 6) in 708 ms on 127.0.0.1 (executor 0) (1/1)
26/10/02 15:30:59 INFO TaskSchedulerImpl: Removed TaskSet 9.0 whose tasks have all completed, from pool 
26/10/02 15:30:59 INFO DAGScheduler: ShuffleMapStage 9 ($anonfun$withThreadLocalCaptured$1 at CompletableFuture.java:1768) finished in 788 ms
26/10/02 15:30:59 INFO DAGScheduler: looking for newly runnable stages
26/10/02 15:30:59 INFO DAGScheduler: running: HashSet()
26/10/02 15:30:59 INFO DAGScheduler: waiting: HashSet()
26/10/02 15:30:59 INFO DAGScheduler: failed: HashSet()
26/10/02 15:30:59 INFO ShufflePartitionsUtil: For shuffle(3, advisory target size: 67108864, actual target size 1048576, minimum partition size: 1048576
26/10/02 15:30:59 INFO CodeGenerator: Code generated in 57.23818 ms
26/10/02 15:30:59 INFO CodeGenerator: Code generated in 45.831507 ms
26/10/02 15:31:00 INFO CodeGenerator: Code generated in 25.393057 ms
26/10/02 15:31:00 INFO SparkContext: Starting job: $anonfun$withThreadLocalCaptured$1 at CompletableFuture.java:1768
26/10/02 15:31:00 INFO DAGScheduler: Got job 7 ($anonfun$withThreadLocalCaptured$1 at CompletableFuture.java:1768) with 1 output partitions
26/10/02 15:31:00 INFO DAGScheduler: Final stage: ResultStage 12 ($anonfun$withThreadLocalCaptured$1 at CompletableFuture.java:1768)
26/10/02 15:31:00 INFO DAGScheduler: Parents of final stage: List(ShuffleMapStage 11)
26/10/02 15:31:00 INFO DAGScheduler: Missing parents: List()
26/10/02 15:31:00 INFO DAGScheduler: Missing parents found for ResultStage 12: List()
26/10/02 15:31:00 INFO DAGScheduler: Submitting ResultStage 12 (MapPartitionsRDD[32] at $anonfun$withThreadLocalCaptured$1 at CompletableFuture.java:1768), which has no missing parents
26/10/02 15:31:00 INFO MemoryStore: Block broadcast_12 stored as values in memory (estimated size 75.6 KiB, free 433.4 MiB)
26/10/02 15:31:00 INFO MemoryStore: Block broadcast_12_piece0 stored as bytes in memory (estimated size 27.8 KiB, free 433.4 MiB)
26/10/02 15:31:00 INFO SparkContext: Created broadcast 12 from broadcast at DAGScheduler.scala:1760
26/10/02 15:31:00 INFO DAGScheduler: Submitting 1 missing tasks from ResultStage 12 (MapPartitionsRDD[32] at $anonfun$withThreadLocalCaptured$1 at CompletableFuture.java:1768) (first 15 tasks are for partitions Vector(0))
26/10/02 15:31:00 INFO TaskSchedulerImpl: Adding task set 12.0 with 1 tasks resource profile 0
26/10/02 15:31:00 INFO TaskSetManager: Starting task 0.0 in stage 12.0 (TID 7) (127.0.0.1,executor 1, partition 0, NODE_LOCAL, 9635 bytes) 
26/10/02 15:31:00 INFO MapOutputTrackerMasterEndpoint: Asked to send map output locations for shuffle 3 to 127.0.0.1:45488
26/10/02 15:31:01 INFO TaskSetManager: Finished task 0.0 in stage 12.0 (TID 7) in 929 ms on 127.0.0.1 (executor 1) (1/1)
26/10/02 15:31:01 INFO TaskSchedulerImpl: Removed TaskSet 12.0 whose tasks have all completed, from pool 
26/10/02 15:31:01 INFO DAGScheduler: ResultStage 12 ($anonfun$withThreadLocalCaptured$1 at CompletableFuture.java:1768) finished in 987 ms
26/10/02 15:31:01 INFO DAGScheduler: Job 7 is finished. Cancelling potential speculative or zombie tasks for this job
26/10/02 15:31:01 INFO TaskSchedulerImpl: Canceling stage 12
26/10/02 15:31:01 INFO TaskSchedulerImpl: Killing all running tasks in stage 12: Stage finished
26/10/02 15:31:01 INFO DAGScheduler: Job 7 finished: $anonfun$withThreadLocalCaptured$1 at CompletableFuture.java:1768, took 1022.113997 ms
26/10/02 15:31:01 INFO CodeGenerator: Code generated in 38.764084 ms
26/10/02 15:31:01 INFO CodeGenerator: Code generated in 28.566722 ms
26/10/02 15:31:01 INFO DAGScheduler: Asked to cleanup jobs for query execution 2
+--------+---------+----------+
|user_id |genre    |play_count|
+--------+---------+----------+
|user_1  |Rock     |8         |
|user_10 |Classical|3         |
|user_100|Rock     |7         |
|user_11 |Hip-Hop  |7         |
|user_12 |Hip-Hop  |4         |
|user_13 |Hip-Hop  |9         |
|user_14 |Hip-Hop  |6         |
|user_15 |Hip-Hop  |2         |
|user_16 |Classical|3         |
|user_17 |Hip-Hop  |9         |
|user_18 |Pop      |7         |
|user_19 |Rock     |5         |
|user_2  |Hip-Hop  |4         |
|user_20 |Classical|9         |
|user_21 |Hip-Hop  |9         |
|user_22 |Pop      |6         |
|user_23 |Hip-Hop  |3         |
|user_24 |Classical|9         |
|user_25 |Rock     |8         |
|user_26 |Hip-Hop  |5         |
+--------+---------+----------+
only showing top 20 rows
26/10/02 15:31:01 INFO FileSourceStrategy: Pushed Filters: IsNotNull(song_id)
26/10/02 15:31:01 INFO FileSourceStrategy: Post-Scan Filters: Set(isnotnull(song_id#1))
26/10/02 15:31:01 INFO FileSourceStrategy: Pushed Filters: IsNotNull(song_id)
26/10/02 15:31:01 INFO FileSourceStrategy: Post-Scan Filters: Set(isnotnull(song_id#4))
26/10/02 15:31:01 INFO MemoryStore: Block broadcast_13 stored as values in memory (estimated size 214.6 KiB, free 433.3 MiB)
26/10/02 15:31:01 INFO MemoryStore: Block broadcast_13_piece0 stored as bytes in memory (estimated size 39.6 KiB, free 433.3 MiB)
26/10/02 15:31:01 INFO SparkContext: Created broadcast 13 from $anonfun$withThreadLocalCaptured$1 at CompletableFuture.java:1768
26/10/02 15:31:01 INFO FileSourceScanExec: Planning scan with bin packing, max size: 4194304 bytes, open cost is considered as scanning 4194304 bytes.
26/10/02 15:31:01 INFO SparkContext: Starting job: $anonfun$withThreadLocalCaptured$1 at CompletableFuture.java:1768
26/10/02 15:31:01 INFO DAGScheduler: Got job 8 ($anonfun$withThreadLocalCaptured$1 at CompletableFuture.java:1768) with 1 output partitions
26/10/02 15:31:01 INFO DAGScheduler: Final stage: ResultStage 13 ($anonfun$withThreadLocalCaptured$1 at CompletableFuture.java:1768)
26/10/02 15:31:01 INFO DAGScheduler: Parents of final stage: List()
26/10/02 15:31:01 INFO DAGScheduler: Missing parents: List()
26/10/02 15:31:01 INFO DAGScheduler: Missing parents found for ResultStage 13: List()
26/10/02 15:31:01 INFO DAGScheduler: Submitting ResultStage 13 (MapPartitionsRDD[36] at $anonfun$withThreadLocalCaptured$1 at CompletableFuture.java:1768), which has no missing parents
26/10/02 15:31:01 INFO MemoryStore: Block broadcast_14 stored as values in memory (estimated size 16.7 KiB, free 433.3 MiB)
26/10/02 15:31:01 INFO MemoryStore: Block broadcast_14_piece0 stored as bytes in memory (estimated size 8.1 KiB, free 433.3 MiB)
26/10/02 15:31:01 INFO SparkContext: Created broadcast 14 from broadcast at DAGScheduler.scala:1760
26/10/02 15:31:01 INFO DAGScheduler: Submitting 1 missing tasks from ResultStage 13 (MapPartitionsRDD[36] at $anonfun$withThreadLocalCaptured$1 at CompletableFuture.java:1768) (first 15 tasks are for partitions Vector(0))
26/10/02 15:31:01 INFO TaskSchedulerImpl: Adding task set 13.0 with 1 tasks resource profile 0
26/10/02 15:31:01 INFO TaskSetManager: Starting task 0.0 in stage 13.0 (TID 8) (127.0.0.1,executor 0, partition 0, PROCESS_LOCAL, 10256 bytes) 
26/10/02 15:31:01 INFO TaskSetManager: Finished task 0.0 in stage 13.0 (TID 8) in 260 ms on 127.0.0.1 (executor 0) (1/1)
26/10/02 15:31:01 INFO TaskSchedulerImpl: Removed TaskSet 13.0 whose tasks have all completed, from pool 
26/10/02 15:31:01 INFO DAGScheduler: ResultStage 13 ($anonfun$withThreadLocalCaptured$1 at CompletableFuture.java:1768) finished in 274 ms
26/10/02 15:31:01 INFO DAGScheduler: Job 8 is finished. Cancelling potential speculative or zombie tasks for this job
26/10/02 15:31:01 INFO TaskSchedulerImpl: Canceling stage 13
26/10/02 15:31:01 INFO TaskSchedulerImpl: Killing all running tasks in stage 13: Stage finished
26/10/02 15:31:01 INFO DAGScheduler: Job 8 finished: $anonfun$withThreadLocalCaptured$1 at CompletableFuture.java:1768, took 281.047231 ms
26/10/02 15:31:01 INFO MemoryStore: Block broadcast_15_piece0 stored as bytes in memory (estimated size 1100.0 B, free 433.3 MiB)
26/10/02 15:31:01 INFO SparkContext: Created broadcast 15 from $anonfun$withThreadLocalCaptured$1 at CompletableFuture.java:1768
26/10/02 15:31:01 INFO FileSourceStrategy: Pushed Filters: IsNotNull(song_id)
26/10/02 15:31:01 INFO FileSourceStrategy: Post-Scan Filters: Set(isnotnull(song_id#1))
26/10/02 15:31:01 INFO MemoryStore: Block broadcast_16 stored as values in memory (estimated size 214.6 KiB, free 433.1 MiB)
26/10/02 15:31:01 INFO MemoryStore: Block broadcast_16_piece0 stored as bytes in memory (estimated size 39.6 KiB, free 433.0 MiB)
26/10/02 15:31:01 INFO SparkContext: Created broadcast 16 from $anonfun$withThreadLocalCaptured$1 at CompletableFuture.java:1768
26/10/02 15:31:01 INFO FileSourceScanExec: Planning scan with bin packing, max size: 4194304 bytes, open cost is considered as scanning 4194304 bytes.
26/10/02 15:31:02 INFO DAGScheduler: Registering RDD 40 ($anonfun$withThreadLocalCaptured$1 at CompletableFuture.java:1768) as input to shuffle 4
26/10/02 15:31:02 INFO DAGScheduler: Got map stage job 9 ($anonfun$withThreadLocalCaptured$1 at CompletableFuture.java:1768) with 1 output partitions
26/10/02 15:31:02 INFO DAGScheduler: Final stage: ShuffleMapStage 14 ($anonfun$withThreadLocalCaptured$1 at CompletableFuture.java:1768)
26/10/02 15:31:02 INFO DAGScheduler: Parents of final stage: List()
26/10/02 15:31:02 INFO DAGScheduler: Missing parents: List()
26/10/02 15:31:02 INFO DAGScheduler: Missing parents found for ShuffleMapStage 14: List()
26/10/02 15:31:02 INFO DAGScheduler: Submitting ShuffleMapStage 14 (MapPartitionsRDD[40] at $anonfun$withThreadLocalCaptured$1 at CompletableFuture.java:1768), which has no missing parents
26/10/02 15:31:02 INFO MemoryStore: Block broadcast_17 stored as values in memory (estimated size 53.0 KiB, free 433.0 MiB)
26/10/02 15:31:02 INFO MemoryStore: Block broadcast_17_piece0 stored as bytes in memory (estimated size 20.9 KiB, free 433.0 MiB)
26/10/02 15:31:02 INFO SparkContext: Created broadcast 17 from broadcast at DAGScheduler.scala:1760
26/10/02 15:31:02 INFO DAGScheduler: Submitting 1 missing tasks from ShuffleMapStage 14 (MapPartitionsRDD[40] at $anonfun$withThreadLocalCaptured$1 at CompletableFuture.java:1768) (first 15 tasks are for partitions Vector(0))
26/10/02 15:31:02 INFO TaskSchedulerImpl: Adding task set 14.0 with 1 tasks resource profile 0
26/10/02 15:31:02 INFO TaskSetManager: Starting task 0.0 in stage 14.0 (TID 9) (127.0.0.1,executor 1, partition 0, PROCESS_LOCAL, 10245 bytes) 
26/10/02 15:31:02 INFO TaskSetManager: Finished task 0.0 in stage 14.0 (TID 9) in 546 ms on 127.0.0.1 (executor 1) (1/1)
26/10/02 15:31:02 INFO TaskSchedulerImpl: Removed TaskSet 14.0 whose tasks have all completed, from pool 
26/10/02 15:31:02 INFO DAGScheduler: ShuffleMapStage 14 ($anonfun$withThreadLocalCaptured$1 at CompletableFuture.java:1768) finished in 559 ms
26/10/02 15:31:02 INFO DAGScheduler: looking for newly runnable stages
26/10/02 15:31:02 INFO DAGScheduler: running: HashSet()
26/10/02 15:31:02 INFO DAGScheduler: waiting: HashSet()
26/10/02 15:31:02 INFO DAGScheduler: failed: HashSet()
26/10/02 15:31:02 INFO ShufflePartitionsUtil: For shuffle(4, advisory target size: 67108864, actual target size 1048576, minimum partition size: 1048576
26/10/02 15:31:02 INFO HashAggregateExec: spark.sql.codegen.aggregate.map.twolevel.enabled is set to true, but current version of codegened fast hashmap does not support this aggregate.
26/10/02 15:31:02 INFO DAGScheduler: Registering RDD 44 ($anonfun$withThreadLocalCaptured$1 at CompletableFuture.java:1768) as input to shuffle 5
26/10/02 15:31:02 INFO DAGScheduler: Got map stage job 10 ($anonfun$withThreadLocalCaptured$1 at CompletableFuture.java:1768) with 1 output partitions
26/10/02 15:31:02 INFO DAGScheduler: Final stage: ShuffleMapStage 16 ($anonfun$withThreadLocalCaptured$1 at CompletableFuture.java:1768)
26/10/02 15:31:02 INFO DAGScheduler: Parents of final stage: List(ShuffleMapStage 15)
26/10/02 15:31:02 INFO DAGScheduler: Missing parents: List()
26/10/02 15:31:02 INFO DAGScheduler: Missing parents found for ShuffleMapStage 16: List()
26/10/02 15:31:02 INFO DAGScheduler: Submitting ShuffleMapStage 16 (MapPartitionsRDD[44] at $anonfun$withThreadLocalCaptured$1 at CompletableFuture.java:1768), which has no missing parents
26/10/02 15:31:02 INFO MemoryStore: Block broadcast_18 stored as values in memory (estimated size 65.4 KiB, free 432.9 MiB)
26/10/02 15:31:02 INFO MemoryStore: Block broadcast_18_piece0 stored as bytes in memory (estimated size 24.0 KiB, free 432.9 MiB)
26/10/02 15:31:02 INFO SparkContext: Created broadcast 18 from broadcast at DAGScheduler.scala:1760
26/10/02 15:31:02 INFO DAGScheduler: Submitting 1 missing tasks from ShuffleMapStage 16 (MapPartitionsRDD[44] at $anonfun$withThreadLocalCaptured$1 at CompletableFuture.java:1768) (first 15 tasks are for partitions Vector(0))
26/10/02 15:31:02 INFO TaskSchedulerImpl: Adding task set 16.0 with 1 tasks resource profile 0
26/10/02 15:31:02 INFO TaskSetManager: Starting task 0.0 in stage 16.0 (TID 10) (127.0.0.1,executor 0, partition 0, NODE_LOCAL, 9624 bytes) 
26/10/02 15:31:02 INFO MapOutputTrackerMasterEndpoint: Asked to send map output locations for shuffle 4 to 127.0.0.1:45486
26/10/02 15:31:03 INFO TaskSetManager: Finished task 0.0 in stage 16.0 (TID 10) in 410 ms on 127.0.0.1 (executor 0) (1/1)
26/10/02 15:31:03 INFO TaskSchedulerImpl: Removed TaskSet 16.0 whose tasks have all completed, from pool 
26/10/02 15:31:03 INFO DAGScheduler: ShuffleMapStage 16 ($anonfun$withThreadLocalCaptured$1 at CompletableFuture.java:1768) finished in 459 ms
26/10/02 15:31:03 INFO DAGScheduler: looking for newly runnable stages
26/10/02 15:31:03 INFO DAGScheduler: running: HashSet()
26/10/02 15:31:03 INFO DAGScheduler: waiting: HashSet()
26/10/02 15:31:03 INFO DAGScheduler: failed: HashSet()
26/10/02 15:31:03 INFO ShufflePartitionsUtil: For shuffle(5, advisory target size: 67108864, actual target size 1048576, minimum partition size: 1048576
26/10/02 15:31:03 INFO SparkContext: Starting job: $anonfun$withThreadLocalCaptured$1 at CompletableFuture.java:1768
26/10/02 15:31:03 INFO DAGScheduler: Got job 11 ($anonfun$withThreadLocalCaptured$1 at CompletableFuture.java:1768) with 1 output partitions
26/10/02 15:31:03 INFO DAGScheduler: Final stage: ResultStage 19 ($anonfun$withThreadLocalCaptured$1 at CompletableFuture.java:1768)
26/10/02 15:31:03 INFO DAGScheduler: Parents of final stage: List(ShuffleMapStage 18)
26/10/02 15:31:03 INFO DAGScheduler: Missing parents: List()
26/10/02 15:31:03 INFO DAGScheduler: Missing parents found for ResultStage 19: List()
26/10/02 15:31:03 INFO DAGScheduler: Submitting ResultStage 19 (MapPartitionsRDD[52] at $anonfun$withThreadLocalCaptured$1 at CompletableFuture.java:1768), which has no missing parents
26/10/02 15:31:03 INFO MemoryStore: Block broadcast_19 stored as values in memory (estimated size 71.0 KiB, free 432.8 MiB)
26/10/02 15:31:03 INFO MemoryStore: Block broadcast_19_piece0 stored as bytes in memory (estimated size 26.2 KiB, free 432.8 MiB)
26/10/02 15:31:03 INFO SparkContext: Created broadcast 19 from broadcast at DAGScheduler.scala:1760
26/10/02 15:31:03 INFO DAGScheduler: Submitting 1 missing tasks from ResultStage 19 (MapPartitionsRDD[52] at $anonfun$withThreadLocalCaptured$1 at CompletableFuture.java:1768) (first 15 tasks are for partitions Vector(0))
26/10/02 15:31:03 INFO TaskSchedulerImpl: Adding task set 19.0 with 1 tasks resource profile 0
26/10/02 15:31:03 INFO TaskSetManager: Starting task 0.0 in stage 19.0 (TID 11) (127.0.0.1,executor 1, partition 0, NODE_LOCAL, 9635 bytes) 
26/10/02 15:31:03 INFO MapOutputTrackerMasterEndpoint: Asked to send map output locations for shuffle 5 to 127.0.0.1:45488
26/10/02 15:31:03 INFO TaskSetManager: Finished task 0.0 in stage 19.0 (TID 11) in 344 ms on 127.0.0.1 (executor 1) (1/1)
26/10/02 15:31:03 INFO TaskSchedulerImpl: Removed TaskSet 19.0 whose tasks have all completed, from pool 
26/10/02 15:31:03 INFO DAGScheduler: ResultStage 19 ($anonfun$withThreadLocalCaptured$1 at CompletableFuture.java:1768) finished in 372 ms
26/10/02 15:31:03 INFO DAGScheduler: Job 11 is finished. Cancelling potential speculative or zombie tasks for this job
26/10/02 15:31:03 INFO TaskSchedulerImpl: Canceling stage 19
26/10/02 15:31:03 INFO TaskSchedulerImpl: Killing all running tasks in stage 19: Stage finished
26/10/02 15:31:03 INFO DAGScheduler: Job 11 finished: $anonfun$withThreadLocalCaptured$1 at CompletableFuture.java:1768, took 407.238342 ms
26/10/02 15:31:03 INFO DAGScheduler: Registering RDD 53 ($anonfun$withThreadLocalCaptured$1 at CompletableFuture.java:1768) as input to shuffle 6
26/10/02 15:31:03 INFO DAGScheduler: Got map stage job 12 ($anonfun$withThreadLocalCaptured$1 at CompletableFuture.java:1768) with 1 output partitions
26/10/02 15:31:03 INFO DAGScheduler: Final stage: ShuffleMapStage 22 ($anonfun$withThreadLocalCaptured$1 at CompletableFuture.java:1768)
26/10/02 15:31:03 INFO DAGScheduler: Parents of final stage: List(ShuffleMapStage 21)
26/10/02 15:31:03 INFO DAGScheduler: Missing parents: List()
26/10/02 15:31:03 INFO DAGScheduler: Missing parents found for ShuffleMapStage 22: List()
26/10/02 15:31:03 INFO DAGScheduler: Submitting ShuffleMapStage 22 (MapPartitionsRDD[53] at $anonfun$withThreadLocalCaptured$1 at CompletableFuture.java:1768), which has no missing parents
26/10/02 15:31:03 INFO MemoryStore: Block broadcast_20 stored as values in memory (estimated size 77.5 KiB, free 432.7 MiB)
26/10/02 15:31:03 INFO MemoryStore: Block broadcast_20_piece0 stored as bytes in memory (estimated size 27.0 KiB, free 432.7 MiB)
26/10/02 15:31:03 INFO SparkContext: Created broadcast 20 from broadcast at DAGScheduler.scala:1760
26/10/02 15:31:03 INFO DAGScheduler: Submitting 1 missing tasks from ShuffleMapStage 22 (MapPartitionsRDD[53] at $anonfun$withThreadLocalCaptured$1 at CompletableFuture.java:1768) (first 15 tasks are for partitions Vector(0))
26/10/02 15:31:03 INFO TaskSchedulerImpl: Adding task set 22.0 with 1 tasks resource profile 0
26/10/02 15:31:03 INFO TaskSetManager: Starting task 0.0 in stage 22.0 (TID 12) (127.0.0.1,executor 0, partition 0, NODE_LOCAL, 9624 bytes) 
26/10/02 15:31:04 INFO MapOutputTrackerMasterEndpoint: Asked to send map output locations for shuffle 5 to 127.0.0.1:45486
26/10/02 15:31:04 INFO TaskSetManager: Finished task 0.0 in stage 22.0 (TID 12) in 611 ms on 127.0.0.1 (executor 0) (1/1)
26/10/02 15:31:04 INFO TaskSchedulerImpl: Removed TaskSet 22.0 whose tasks have all completed, from pool 
26/10/02 15:31:04 INFO DAGScheduler: ShuffleMapStage 22 ($anonfun$withThreadLocalCaptured$1 at CompletableFuture.java:1768) finished in 652 ms
26/10/02 15:31:04 INFO DAGScheduler: looking for newly runnable stages
26/10/02 15:31:04 INFO DAGScheduler: running: HashSet()
26/10/02 15:31:04 INFO DAGScheduler: waiting: HashSet()
26/10/02 15:31:04 INFO DAGScheduler: failed: HashSet()
26/10/02 15:31:04 INFO ShufflePartitionsUtil: For shuffle(6, advisory target size: 67108864, actual target size 1048576, minimum partition size: 1048576
26/10/02 15:31:04 INFO PathOutputCommitterFactory: No output committer factory defined, defaulting to FileOutputCommitterFactory
26/10/02 15:31:04 INFO FileOutputCommitter: File Output Committer Algorithm version is 1
26/10/02 15:31:04 INFO FileOutputCommitter: FileOutputCommitter skip cleanup _temporary folders under output directory:false, ignore cleanup failures: false
26/10/02 15:31:04 INFO SQLHadoopMapReduceCommitProtocol: Using output committer class org.apache.hadoop.mapreduce.lib.output.FileOutputCommitter
26/10/02 15:31:04 INFO CodeGenerator: Code generated in 21.222127 ms
26/10/02 15:31:04 INFO SparkContext: Starting job: $anonfun$withThreadLocalCaptured$1 at CompletableFuture.java:1768
26/10/02 15:31:04 INFO DAGScheduler: Got job 13 ($anonfun$withThreadLocalCaptured$1 at CompletableFuture.java:1768) with 1 output partitions
26/10/02 15:31:04 INFO DAGScheduler: Final stage: ResultStage 26 ($anonfun$withThreadLocalCaptured$1 at CompletableFuture.java:1768)
26/10/02 15:31:04 INFO DAGScheduler: Parents of final stage: List(ShuffleMapStage 25)
26/10/02 15:31:04 INFO DAGScheduler: Missing parents: List()
26/10/02 15:31:04 INFO DAGScheduler: Missing parents found for ResultStage 26: List()
26/10/02 15:31:04 INFO DAGScheduler: Submitting ResultStage 26 (MapPartitionsRDD[57] at $anonfun$withThreadLocalCaptured$1 at CompletableFuture.java:1768), which has no missing parents
26/10/02 15:31:04 INFO MemoryStore: Block broadcast_21 stored as values in memory (estimated size 303.5 KiB, free 433.0 MiB)
26/10/02 15:31:04 INFO MemoryStore: Block broadcast_21_piece0 stored as bytes in memory (estimated size 106.9 KiB, free 432.9 MiB)
26/10/02 15:31:04 INFO SparkContext: Created broadcast 21 from broadcast at DAGScheduler.scala:1760
26/10/02 15:31:04 INFO DAGScheduler: Submitting 1 missing tasks from ResultStage 26 (MapPartitionsRDD[57] at $anonfun$withThreadLocalCaptured$1 at CompletableFuture.java:1768) (first 15 tasks are for partitions Vector(0))
26/10/02 15:31:04 INFO TaskSchedulerImpl: Adding task set 26.0 with 1 tasks resource profile 0
26/10/02 15:31:04 INFO TaskSetManager: Starting task 0.0 in stage 26.0 (TID 13) (127.0.0.1,executor 0, partition 0, NODE_LOCAL, 9982 bytes) 
26/10/02 15:31:05 INFO MapOutputTrackerMasterEndpoint: Asked to send map output locations for shuffle 6 to 127.0.0.1:45486
26/10/02 15:31:05 INFO TaskSetManager: Finished task 0.0 in stage 26.0 (TID 13) in 603 ms on 127.0.0.1 (executor 0) (1/1)
26/10/02 15:31:05 INFO TaskSchedulerImpl: Removed TaskSet 26.0 whose tasks have all completed, from pool 
26/10/02 15:31:05 INFO DAGScheduler: ResultStage 26 ($anonfun$withThreadLocalCaptured$1 at CompletableFuture.java:1768) finished in 732 ms
26/10/02 15:31:05 INFO DAGScheduler: Job 13 is finished. Cancelling potential speculative or zombie tasks for this job
26/10/02 15:31:05 INFO TaskSchedulerImpl: Canceling stage 26
26/10/02 15:31:05 INFO TaskSchedulerImpl: Killing all running tasks in stage 26: Stage finished
26/10/02 15:31:05 INFO DAGScheduler: Job 13 finished: $anonfun$withThreadLocalCaptured$1 at CompletableFuture.java:1768, took 763.57619 ms
26/10/02 15:31:05 INFO FileFormatWriter: Start to commit write Job 6ad26f6e-0e10-46d2-a520-ceea11a01cd5.
26/10/02 15:31:05 INFO FileFormatWriter: Write Job 6ad26f6e-0e10-46d2-a520-ceea11a01cd5 committed. Elapsed time: 184 ms.
26/10/02 15:31:05 INFO FileFormatWriter: Finished processing stats for write job 6ad26f6e-0e10-46d2-a520-ceea11a01cd5.
26/10/02 15:31:05 INFO DAGScheduler: Asked to cleanup jobs for query execution 3
26/10/02 15:31:05 INFO FileSourceStrategy: Pushed Filters: IsNotNull(song_id)
26/10/02 15:31:05 INFO FileSourceStrategy: Post-Scan Filters: Set(isnotnull(song_id#1))
26/10/02 15:31:05 INFO FileSourceStrategy: Pushed Filters: IsNotNull(song_id)
26/10/02 15:31:05 INFO FileSourceStrategy: Post-Scan Filters: Set(isnotnull(song_id#4))
== Physical Plan ==
AdaptiveSparkPlan isFinalPlan=false
+- Sort [user_id#0 ASC NULLS FIRST], true, 0
   +- Exchange rangepartitioning(user_id#0 ASC NULLS FIRST, 200), ENSURE_REQUIREMENTS, [plan_id=975]
      +- Project [user_id#0, genre#7, play_count#28L]
         +- Filter (rank#38 = 1)
            +- Window [row_number() windowspecdefinition(user_id#0, play_count#28L DESC NULLS LAST, genre#7 ASC NULLS FIRST, specifiedwindowframe(RowFrame, unboundedpreceding$(), currentrow$())) AS rank#38], [user_id#0], [play_count#28L DESC NULLS LAST, genre#7 ASC NULLS FIRST]
               +- WindowGroupLimit [user_id#0], [play_count#28L DESC NULLS LAST, genre#7 ASC NULLS FIRST], row_number(), 1, Final
                  +- Sort [user_id#0 ASC NULLS FIRST, play_count#28L DESC NULLS LAST, genre#7 ASC NULLS FIRST], false, 0
                     +- Exchange hashpartitioning(user_id#0, 200), ENSURE_REQUIREMENTS, [plan_id=968]
                        +- WindowGroupLimit [user_id#0], [play_count#28L DESC NULLS LAST, genre#7 ASC NULLS FIRST], row_number(), 1, Partial
                           +- Sort [user_id#0 ASC NULLS FIRST, play_count#28L DESC NULLS LAST, genre#7 ASC NULLS FIRST], false, 0
                              +- HashAggregate(keys=[user_id#0, genre#7], functions=[count(1)])
                                 +- Exchange hashpartitioning(user_id#0, genre#7, 200), ENSURE_REQUIREMENTS, [plan_id=962]
                                    +- HashAggregate(keys=[user_id#0, genre#7], functions=[partial_count(1)])
                                       +- Project [user_id#0, genre#7]
                                          +- BroadcastHashJoin [song_id#1], [song_id#4], Inner, BuildRight, false, false
                                             :- Filter isnotnull(song_id#1)
                                             :  +- FileScan csv [user_id#0,song_id#1] Batched: false, DataFilters: [isnotnull(song_id#1)], Format: CSV, Location: InMemoryFileIndex(1 paths)[file:/opt/spark/work-dir/shared/input/listening_logs.csv], PartitionFilters: [], PushedFilters: [IsNotNull(song_id)], ReadSchema: struct<user_id:string,song_id:string>
                                             +- BroadcastExchange HashedRelationBroadcastMode(List(input[0, string, false]),false), [plan_id=957]
                                                +- Filter isnotnull(song_id#4)
                                                   +- FileScan csv [song_id#4,genre#7] Batched: false, DataFilters: [isnotnull(song_id#4)], Format: CSV, Location: InMemoryFileIndex(1 paths)[file:/opt/spark/work-dir/shared/input/songs_metadata.csv], PartitionFilters: [], PushedFilters: [IsNotNull(song_id)], ReadSchema: struct<song_id:string,genre:string>



=== task2 ===
26/10/02 15:31:06 INFO FileSourceStrategy: Pushed Filters: IsNotNull(song_id)
26/10/02 15:31:06 INFO FileSourceStrategy: Post-Scan Filters: Set(isnotnull(song_id#1))
26/10/02 15:31:06 INFO FileSourceStrategy: Pushed Filters: IsNotNull(song_id)
26/10/02 15:31:06 INFO FileSourceStrategy: Post-Scan Filters: Set(isnotnull(song_id#4))
26/10/02 15:31:06 INFO CodeGenerator: Code generated in 7.916026 ms
26/10/02 15:31:06 INFO MemoryStore: Block broadcast_22 stored as values in memory (estimated size 214.6 KiB, free 433.3 MiB)
26/10/02 15:31:06 INFO MemoryStore: Block broadcast_22_piece0 stored as bytes in memory (estimated size 39.6 KiB, free 433.3 MiB)
26/10/02 15:31:06 INFO SparkContext: Created broadcast 22 from $anonfun$withThreadLocalCaptured$1 at CompletableFuture.java:1768
26/10/02 15:31:06 INFO FileSourceScanExec: Planning scan with bin packing, max size: 4194304 bytes, open cost is considered as scanning 4194304 bytes.
26/10/02 15:31:06 INFO SparkContext: Starting job: $anonfun$withThreadLocalCaptured$1 at CompletableFuture.java:1768
26/10/02 15:31:06 INFO DAGScheduler: Got job 14 ($anonfun$withThreadLocalCaptured$1 at CompletableFuture.java:1768) with 1 output partitions
26/10/02 15:31:06 INFO DAGScheduler: Final stage: ResultStage 27 ($anonfun$withThreadLocalCaptured$1 at CompletableFuture.java:1768)
26/10/02 15:31:06 INFO DAGScheduler: Parents of final stage: List()
26/10/02 15:31:06 INFO DAGScheduler: Missing parents: List()
26/10/02 15:31:06 INFO DAGScheduler: Missing parents found for ResultStage 27: List()
26/10/02 15:31:06 INFO DAGScheduler: Submitting ResultStage 27 (MapPartitionsRDD[61] at $anonfun$withThreadLocalCaptured$1 at CompletableFuture.java:1768), which has no missing parents
26/10/02 15:31:06 INFO MemoryStore: Block broadcast_23 stored as values in memory (estimated size 16.7 KiB, free 433.2 MiB)
26/10/02 15:31:06 INFO MemoryStore: Block broadcast_23_piece0 stored as bytes in memory (estimated size 8.1 KiB, free 433.2 MiB)
26/10/02 15:31:06 INFO SparkContext: Created broadcast 23 from broadcast at DAGScheduler.scala:1760
26/10/02 15:31:06 INFO DAGScheduler: Submitting 1 missing tasks from ResultStage 27 (MapPartitionsRDD[61] at $anonfun$withThreadLocalCaptured$1 at CompletableFuture.java:1768) (first 15 tasks are for partitions Vector(0))
26/10/02 15:31:06 INFO TaskSchedulerImpl: Adding task set 27.0 with 1 tasks resource profile 0
26/10/02 15:31:06 INFO TaskSetManager: Starting task 0.0 in stage 27.0 (TID 14) (127.0.0.1,executor 1, partition 0, PROCESS_LOCAL, 10256 bytes) 
26/10/02 15:31:06 INFO CodeGenerator: Code generated in 107.674322 ms
26/10/02 15:31:06 INFO MemoryStore: Block broadcast_24 stored as values in memory (estimated size 214.6 KiB, free 433.0 MiB)
26/10/02 15:31:06 INFO MemoryStore: Block broadcast_24_piece0 stored as bytes in memory (estimated size 39.6 KiB, free 433.0 MiB)
26/10/02 15:31:06 INFO SparkContext: Created broadcast 24 from $anonfun$withThreadLocalCaptured$1 at CompletableFuture.java:1768
26/10/02 15:31:06 INFO FileSourceScanExec: Planning scan with bin packing, max size: 4194304 bytes, open cost is considered as scanning 4194304 bytes.
26/10/02 15:31:06 INFO DAGScheduler: Registering RDD 65 ($anonfun$withThreadLocalCaptured$1 at CompletableFuture.java:1768) as input to shuffle 7
26/10/02 15:31:06 INFO DAGScheduler: Got map stage job 15 ($anonfun$withThreadLocalCaptured$1 at CompletableFuture.java:1768) with 1 output partitions
26/10/02 15:31:06 INFO DAGScheduler: Final stage: ShuffleMapStage 28 ($anonfun$withThreadLocalCaptured$1 at CompletableFuture.java:1768)
26/10/02 15:31:06 INFO DAGScheduler: Parents of final stage: List()
26/10/02 15:31:06 INFO DAGScheduler: Missing parents: List()
26/10/02 15:31:06 INFO DAGScheduler: Missing parents found for ShuffleMapStage 28: List()
26/10/02 15:31:06 INFO DAGScheduler: Submitting ShuffleMapStage 28 (MapPartitionsRDD[65] at $anonfun$withThreadLocalCaptured$1 at CompletableFuture.java:1768), which has no missing parents
26/10/02 15:31:06 INFO MemoryStore: Block broadcast_25 stored as values in memory (estimated size 49.4 KiB, free 432.9 MiB)
26/10/02 15:31:06 INFO MemoryStore: Block broadcast_25_piece0 stored as bytes in memory (estimated size 19.8 KiB, free 432.9 MiB)
26/10/02 15:31:06 INFO TaskSetManager: Finished task 0.0 in stage 27.0 (TID 14) in 184 ms on 127.0.0.1 (executor 1) (1/1)
26/10/02 15:31:06 INFO TaskSchedulerImpl: Removed TaskSet 27.0 whose tasks have all completed, from pool 
26/10/02 15:31:06 INFO SparkContext: Created broadcast 25 from broadcast at DAGScheduler.scala:1760
26/10/02 15:31:06 INFO DAGScheduler: Submitting 1 missing tasks from ShuffleMapStage 28 (MapPartitionsRDD[65] at $anonfun$withThreadLocalCaptured$1 at CompletableFuture.java:1768) (first 15 tasks are for partitions Vector(0))
26/10/02 15:31:06 INFO TaskSchedulerImpl: Adding task set 28.0 with 1 tasks resource profile 0
26/10/02 15:31:06 INFO TaskSetManager: Starting task 0.0 in stage 28.0 (TID 15) (127.0.0.1,executor 1, partition 0, PROCESS_LOCAL, 10245 bytes) 
26/10/02 15:31:06 INFO DAGScheduler: ResultStage 27 ($anonfun$withThreadLocalCaptured$1 at CompletableFuture.java:1768) finished in 232 ms
26/10/02 15:31:06 INFO DAGScheduler: Job 14 is finished. Cancelling potential speculative or zombie tasks for this job
26/10/02 15:31:06 INFO TaskSchedulerImpl: Canceling stage 27
26/10/02 15:31:06 INFO TaskSchedulerImpl: Killing all running tasks in stage 27: Stage finished
26/10/02 15:31:06 INFO DAGScheduler: Job 14 finished: $anonfun$withThreadLocalCaptured$1 at CompletableFuture.java:1768, took 259.157129 ms
26/10/02 15:31:06 INFO MemoryStore: Block broadcast_26_piece0 stored as bytes in memory (estimated size 1143.0 B, free 432.9 MiB)
26/10/02 15:31:06 INFO SparkContext: Created broadcast 26 from $anonfun$withThreadLocalCaptured$1 at CompletableFuture.java:1768
26/10/02 15:31:07 INFO TaskSetManager: Finished task 0.0 in stage 28.0 (TID 15) in 494 ms on 127.0.0.1 (executor 1) (1/1)
26/10/02 15:31:07 INFO DAGScheduler: ShuffleMapStage 28 ($anonfun$withThreadLocalCaptured$1 at CompletableFuture.java:1768) finished in 567 ms
26/10/02 15:31:07 INFO TaskSchedulerImpl: Removed TaskSet 28.0 whose tasks have all completed, from pool 
26/10/02 15:31:07 INFO DAGScheduler: looking for newly runnable stages
26/10/02 15:31:07 INFO DAGScheduler: running: HashSet()
26/10/02 15:31:07 INFO DAGScheduler: waiting: HashSet()
26/10/02 15:31:07 INFO DAGScheduler: failed: HashSet()
26/10/02 15:31:07 INFO ShufflePartitionsUtil: For shuffle(7, advisory target size: 67108864, actual target size 1048576, minimum partition size: 1048576
26/10/02 15:31:07 INFO CodeGenerator: Code generated in 17.994442 ms
26/10/02 15:31:07 INFO HashAggregateExec: spark.sql.codegen.aggregate.map.twolevel.enabled is set to true, but current version of codegened fast hashmap does not support this aggregate.
26/10/02 15:31:07 INFO CodeGenerator: Code generated in 61.663579 ms
26/10/02 15:31:07 INFO SparkContext: Starting job: $anonfun$withThreadLocalCaptured$1 at CompletableFuture.java:1768
26/10/02 15:31:07 INFO DAGScheduler: Got job 16 ($anonfun$withThreadLocalCaptured$1 at CompletableFuture.java:1768) with 1 output partitions
26/10/02 15:31:07 INFO DAGScheduler: Final stage: ResultStage 30 ($anonfun$withThreadLocalCaptured$1 at CompletableFuture.java:1768)
26/10/02 15:31:07 INFO DAGScheduler: Parents of final stage: List(ShuffleMapStage 29)
26/10/02 15:31:07 INFO DAGScheduler: Missing parents: List()
26/10/02 15:31:07 INFO DAGScheduler: Missing parents found for ResultStage 30: List()
26/10/02 15:31:07 INFO DAGScheduler: Submitting ResultStage 30 (MapPartitionsRDD[69] at $anonfun$withThreadLocalCaptured$1 at CompletableFuture.java:1768), which has no missing parents
26/10/02 15:31:07 INFO MemoryStore: Block broadcast_27 stored as values in memory (estimated size 66.4 KiB, free 432.8 MiB)
26/10/02 15:31:07 INFO MemoryStore: Block broadcast_27_piece0 stored as bytes in memory (estimated size 26.3 KiB, free 432.8 MiB)
26/10/02 15:31:07 INFO SparkContext: Created broadcast 27 from broadcast at DAGScheduler.scala:1760
26/10/02 15:31:07 INFO DAGScheduler: Submitting 1 missing tasks from ResultStage 30 (MapPartitionsRDD[69] at $anonfun$withThreadLocalCaptured$1 at CompletableFuture.java:1768) (first 15 tasks are for partitions Vector(0))
26/10/02 15:31:07 INFO TaskSchedulerImpl: Adding task set 30.0 with 1 tasks resource profile 0
26/10/02 15:31:07 INFO TaskSetManager: Starting task 0.0 in stage 30.0 (TID 16) (127.0.0.1,executor 1, partition 0, NODE_LOCAL, 9635 bytes) 
26/10/02 15:31:07 INFO MapOutputTrackerMasterEndpoint: Asked to send map output locations for shuffle 7 to 127.0.0.1:45488
26/10/02 15:31:07 INFO TaskSetManager: Finished task 0.0 in stage 30.0 (TID 16) in 317 ms on 127.0.0.1 (executor 1) (1/1)
26/10/02 15:31:07 INFO TaskSchedulerImpl: Removed TaskSet 30.0 whose tasks have all completed, from pool 
26/10/02 15:31:07 INFO DAGScheduler: ResultStage 30 ($anonfun$withThreadLocalCaptured$1 at CompletableFuture.java:1768) finished in 335 ms
26/10/02 15:31:07 INFO DAGScheduler: Job 16 is finished. Cancelling potential speculative or zombie tasks for this job
26/10/02 15:31:07 INFO TaskSchedulerImpl: Canceling stage 30
26/10/02 15:31:07 INFO TaskSchedulerImpl: Killing all running tasks in stage 30: Stage finished
26/10/02 15:31:07 INFO DAGScheduler: Job 16 finished: $anonfun$withThreadLocalCaptured$1 at CompletableFuture.java:1768, took 351.063926 ms
26/10/02 15:31:07 INFO CodeGenerator: Code generated in 31.105101 ms
26/10/02 15:31:07 INFO CodeGenerator: Code generated in 49.65526 ms
26/10/02 15:31:07 INFO DAGScheduler: Asked to cleanup jobs for query execution 4
+-------+-------------+----------------+----------+
|song_id|title        |avg_duration_sec|play_count|
+-------+-------------+----------------+----------+
|song_49|Title_song_49|212.79          |14        |
|song_37|Title_song_37|193.6           |15        |
|song_27|Title_song_27|191.68          |19        |
|song_40|Title_song_40|191.59          |27        |
|song_33|Title_song_33|190.07          |15        |
|song_42|Title_song_42|187.2           |20        |
|song_34|Title_song_34|186.57          |21        |
|song_43|Title_song_43|184.65          |17        |
|song_11|Title_song_11|183.36          |11        |
|song_23|Title_song_23|181.1           |10        |
|song_44|Title_song_44|180.65          |26        |
|song_50|Title_song_50|179.33          |21        |
|song_19|Title_song_19|179.14          |22        |
|song_24|Title_song_24|177.93          |15        |
|song_3 |Title_song_3 |177.58          |12        |
|song_20|Title_song_20|177.55          |29        |
|song_12|Title_song_12|176.5           |26        |
|song_47|Title_song_47|175.41          |29        |
|song_9 |Title_song_9 |175.0           |20        |
|song_35|Title_song_35|174.27          |33        |
+-------+-------------+----------------+----------+
only showing top 20 rows
26/10/02 15:31:08 INFO FileSourceStrategy: Pushed Filters: IsNotNull(song_id)
26/10/02 15:31:08 INFO FileSourceStrategy: Post-Scan Filters: Set(isnotnull(song_id#1))
26/10/02 15:31:08 INFO FileSourceStrategy: Pushed Filters: IsNotNull(song_id)
26/10/02 15:31:08 INFO FileSourceStrategy: Post-Scan Filters: Set(isnotnull(song_id#4))
26/10/02 15:31:08 INFO MemoryStore: Block broadcast_28 stored as values in memory (estimated size 214.6 KiB, free 433.7 MiB)
26/10/02 15:31:08 INFO MemoryStore: Block broadcast_29 stored as values in memory (estimated size 214.6 KiB, free 433.5 MiB)
26/10/02 15:31:08 INFO MemoryStore: Block broadcast_28_piece0 stored as bytes in memory (estimated size 39.6 KiB, free 433.4 MiB)
26/10/02 15:31:08 INFO SparkContext: Created broadcast 28 from $anonfun$withThreadLocalCaptured$1 at CompletableFuture.java:1768
26/10/02 15:31:08 INFO MemoryStore: Block broadcast_29_piece0 stored as bytes in memory (estimated size 39.6 KiB, free 433.4 MiB)
26/10/02 15:31:08 INFO SparkContext: Created broadcast 29 from $anonfun$withThreadLocalCaptured$1 at CompletableFuture.java:1768
26/10/02 15:31:08 INFO FileSourceScanExec: Planning scan with bin packing, max size: 4194304 bytes, open cost is considered as scanning 4194304 bytes.
26/10/02 15:31:08 INFO FileSourceScanExec: Planning scan with bin packing, max size: 4194304 bytes, open cost is considered as scanning 4194304 bytes.
26/10/02 15:31:08 INFO DAGScheduler: Registering RDD 77 ($anonfun$withThreadLocalCaptured$1 at CompletableFuture.java:1768) as input to shuffle 8
26/10/02 15:31:08 INFO DAGScheduler: Got map stage job 17 ($anonfun$withThreadLocalCaptured$1 at CompletableFuture.java:1768) with 1 output partitions
26/10/02 15:31:08 INFO DAGScheduler: Final stage: ShuffleMapStage 31 ($anonfun$withThreadLocalCaptured$1 at CompletableFuture.java:1768)
26/10/02 15:31:08 INFO DAGScheduler: Parents of final stage: List()
26/10/02 15:31:08 INFO DAGScheduler: Missing parents: List()
26/10/02 15:31:08 INFO DAGScheduler: Missing parents found for ShuffleMapStage 31: List()
26/10/02 15:31:08 INFO DAGScheduler: Submitting ShuffleMapStage 31 (MapPartitionsRDD[77] at $anonfun$withThreadLocalCaptured$1 at CompletableFuture.java:1768), which has no missing parents
26/10/02 15:31:08 INFO MemoryStore: Block broadcast_30 stored as values in memory (estimated size 50.2 KiB, free 433.4 MiB)
26/10/02 15:31:08 INFO MemoryStore: Block broadcast_30_piece0 stored as bytes in memory (estimated size 20.0 KiB, free 433.3 MiB)
26/10/02 15:31:08 INFO SparkContext: Created broadcast 30 from broadcast at DAGScheduler.scala:1760
26/10/02 15:31:08 INFO DAGScheduler: Submitting 1 missing tasks from ShuffleMapStage 31 (MapPartitionsRDD[77] at $anonfun$withThreadLocalCaptured$1 at CompletableFuture.java:1768) (first 15 tasks are for partitions Vector(0))
26/10/02 15:31:08 INFO TaskSchedulerImpl: Adding task set 31.0 with 1 tasks resource profile 0
26/10/02 15:31:08 INFO TaskSetManager: Starting task 0.0 in stage 31.0 (TID 17) (127.0.0.1,executor 0, partition 0, PROCESS_LOCAL, 10245 bytes) 
26/10/02 15:31:08 INFO SparkContext: Starting job: $anonfun$withThreadLocalCaptured$1 at CompletableFuture.java:1768
26/10/02 15:31:08 INFO DAGScheduler: Got job 18 ($anonfun$withThreadLocalCaptured$1 at CompletableFuture.java:1768) with 1 output partitions
26/10/02 15:31:08 INFO DAGScheduler: Final stage: ResultStage 32 ($anonfun$withThreadLocalCaptured$1 at CompletableFuture.java:1768)
26/10/02 15:31:08 INFO DAGScheduler: Parents of final stage: List()
26/10/02 15:31:08 INFO DAGScheduler: Missing parents: List()
26/10/02 15:31:08 INFO DAGScheduler: Missing parents found for ResultStage 32: List()
26/10/02 15:31:08 INFO DAGScheduler: Submitting ResultStage 32 (MapPartitionsRDD[75] at $anonfun$withThreadLocalCaptured$1 at CompletableFuture.java:1768), which has no missing parents
26/10/02 15:31:08 INFO MemoryStore: Block broadcast_31 stored as values in memory (estimated size 16.7 KiB, free 433.3 MiB)
26/10/02 15:31:08 INFO MemoryStore: Block broadcast_31_piece0 stored as bytes in memory (estimated size 8.1 KiB, free 433.3 MiB)
26/10/02 15:31:08 INFO SparkContext: Created broadcast 31 from broadcast at DAGScheduler.scala:1760
26/10/02 15:31:08 INFO DAGScheduler: Submitting 1 missing tasks from ResultStage 32 (MapPartitionsRDD[75] at $anonfun$withThreadLocalCaptured$1 at CompletableFuture.java:1768) (first 15 tasks are for partitions Vector(0))
26/10/02 15:31:08 INFO TaskSchedulerImpl: Adding task set 32.0 with 1 tasks resource profile 0
26/10/02 15:31:08 INFO TaskSetManager: Starting task 0.0 in stage 32.0 (TID 18) (127.0.0.1,executor 1, partition 0, PROCESS_LOCAL, 10256 bytes) 
26/10/02 15:31:08 INFO TaskSetManager: Finished task 0.0 in stage 32.0 (TID 18) in 234 ms on 127.0.0.1 (executor 1) (1/1)
26/10/02 15:31:08 INFO TaskSchedulerImpl: Removed TaskSet 32.0 whose tasks have all completed, from pool 
26/10/02 15:31:08 INFO DAGScheduler: ResultStage 32 ($anonfun$withThreadLocalCaptured$1 at CompletableFuture.java:1768) finished in 268 ms
26/10/02 15:31:08 INFO DAGScheduler: Job 18 is finished. Cancelling potential speculative or zombie tasks for this job
26/10/02 15:31:08 INFO TaskSchedulerImpl: Canceling stage 32
26/10/02 15:31:08 INFO TaskSchedulerImpl: Killing all running tasks in stage 32: Stage finished
26/10/02 15:31:08 INFO DAGScheduler: Job 18 finished: $anonfun$withThreadLocalCaptured$1 at CompletableFuture.java:1768, took 278.215274 ms
26/10/02 15:31:08 INFO MemoryStore: Block broadcast_32_piece0 stored as bytes in memory (estimated size 1143.0 B, free 433.3 MiB)
26/10/02 15:31:08 INFO SparkContext: Created broadcast 32 from $anonfun$withThreadLocalCaptured$1 at CompletableFuture.java:1768
26/10/02 15:31:08 INFO TaskSetManager: Finished task 0.0 in stage 31.0 (TID 17) in 551 ms on 127.0.0.1 (executor 0) (1/1)
26/10/02 15:31:08 INFO TaskSchedulerImpl: Removed TaskSet 31.0 whose tasks have all completed, from pool 
26/10/02 15:31:08 INFO DAGScheduler: ShuffleMapStage 31 ($anonfun$withThreadLocalCaptured$1 at CompletableFuture.java:1768) finished in 572 ms
26/10/02 15:31:08 INFO DAGScheduler: looking for newly runnable stages
26/10/02 15:31:08 INFO DAGScheduler: running: HashSet()
26/10/02 15:31:08 INFO DAGScheduler: waiting: HashSet()
26/10/02 15:31:08 INFO DAGScheduler: failed: HashSet()
26/10/02 15:31:08 INFO ShufflePartitionsUtil: For shuffle(8, advisory target size: 67108864, actual target size 1048576, minimum partition size: 1048576
26/10/02 15:31:08 INFO HashAggregateExec: spark.sql.codegen.aggregate.map.twolevel.enabled is set to true, but current version of codegened fast hashmap does not support this aggregate.
26/10/02 15:31:08 INFO CodeGenerator: Code generated in 9.602767 ms
26/10/02 15:31:08 INFO SparkContext: Starting job: $anonfun$withThreadLocalCaptured$1 at CompletableFuture.java:1768
26/10/02 15:31:08 INFO DAGScheduler: Got job 19 ($anonfun$withThreadLocalCaptured$1 at CompletableFuture.java:1768) with 1 output partitions
26/10/02 15:31:08 INFO DAGScheduler: Final stage: ResultStage 34 ($anonfun$withThreadLocalCaptured$1 at CompletableFuture.java:1768)
26/10/02 15:31:08 INFO DAGScheduler: Parents of final stage: List(ShuffleMapStage 33)
26/10/02 15:31:08 INFO DAGScheduler: Missing parents: List()
26/10/02 15:31:08 INFO DAGScheduler: Missing parents found for ResultStage 34: List()
26/10/02 15:31:08 INFO DAGScheduler: Submitting ResultStage 34 (MapPartitionsRDD[82] at $anonfun$withThreadLocalCaptured$1 at CompletableFuture.java:1768), which has no missing parents
26/10/02 15:31:08 INFO MemoryStore: Block broadcast_33 stored as values in memory (estimated size 66.9 KiB, free 433.2 MiB)
26/10/02 15:31:08 INFO MemoryStore: Block broadcast_33_piece0 stored as bytes in memory (estimated size 26.5 KiB, free 433.2 MiB)
26/10/02 15:31:08 INFO SparkContext: Created broadcast 33 from broadcast at DAGScheduler.scala:1760
26/10/02 15:31:08 INFO DAGScheduler: Submitting 1 missing tasks from ResultStage 34 (MapPartitionsRDD[82] at $anonfun$withThreadLocalCaptured$1 at CompletableFuture.java:1768) (first 15 tasks are for partitions Vector(0))
26/10/02 15:31:08 INFO TaskSchedulerImpl: Adding task set 34.0 with 1 tasks resource profile 0
26/10/02 15:31:08 INFO TaskSetManager: Starting task 0.0 in stage 34.0 (TID 19) (127.0.0.1,executor 0, partition 0, NODE_LOCAL, 9635 bytes) 
26/10/02 15:31:08 INFO MapOutputTrackerMasterEndpoint: Asked to send map output locations for shuffle 8 to 127.0.0.1:45486
26/10/02 15:31:09 INFO TaskSetManager: Finished task 0.0 in stage 34.0 (TID 19) in 332 ms on 127.0.0.1 (executor 0) (1/1)
26/10/02 15:31:09 INFO TaskSchedulerImpl: Removed TaskSet 34.0 whose tasks have all completed, from pool 
26/10/02 15:31:09 INFO DAGScheduler: ResultStage 34 ($anonfun$withThreadLocalCaptured$1 at CompletableFuture.java:1768) finished in 352 ms
26/10/02 15:31:09 INFO DAGScheduler: Job 19 is finished. Cancelling potential speculative or zombie tasks for this job
26/10/02 15:31:09 INFO TaskSchedulerImpl: Canceling stage 34
26/10/02 15:31:09 INFO TaskSchedulerImpl: Killing all running tasks in stage 34: Stage finished
26/10/02 15:31:09 INFO DAGScheduler: Job 19 finished: $anonfun$withThreadLocalCaptured$1 at CompletableFuture.java:1768, took 360.251034 ms
26/10/02 15:31:09 INFO DAGScheduler: Registering RDD 83 ($anonfun$withThreadLocalCaptured$1 at CompletableFuture.java:1768) as input to shuffle 9
26/10/02 15:31:09 INFO DAGScheduler: Got map stage job 20 ($anonfun$withThreadLocalCaptured$1 at CompletableFuture.java:1768) with 1 output partitions
26/10/02 15:31:09 INFO DAGScheduler: Final stage: ShuffleMapStage 36 ($anonfun$withThreadLocalCaptured$1 at CompletableFuture.java:1768)
26/10/02 15:31:09 INFO DAGScheduler: Parents of final stage: List(ShuffleMapStage 35)
26/10/02 15:31:09 INFO DAGScheduler: Missing parents: List()
26/10/02 15:31:09 INFO DAGScheduler: Missing parents found for ShuffleMapStage 36: List()
26/10/02 15:31:09 INFO DAGScheduler: Submitting ShuffleMapStage 36 (MapPartitionsRDD[83] at $anonfun$withThreadLocalCaptured$1 at CompletableFuture.java:1768), which has no missing parents
26/10/02 15:31:09 INFO MemoryStore: Block broadcast_34 stored as values in memory (estimated size 69.8 KiB, free 433.2 MiB)
26/10/02 15:31:09 INFO MemoryStore: Block broadcast_34_piece0 stored as bytes in memory (estimated size 27.1 KiB, free 433.1 MiB)
26/10/02 15:31:09 INFO SparkContext: Created broadcast 34 from broadcast at DAGScheduler.scala:1760
26/10/02 15:31:09 INFO DAGScheduler: Submitting 1 missing tasks from ShuffleMapStage 36 (MapPartitionsRDD[83] at $anonfun$withThreadLocalCaptured$1 at CompletableFuture.java:1768) (first 15 tasks are for partitions Vector(0))
26/10/02 15:31:09 INFO TaskSchedulerImpl: Adding task set 36.0 with 1 tasks resource profile 0
26/10/02 15:31:09 INFO TaskSetManager: Starting task 0.0 in stage 36.0 (TID 20) (127.0.0.1,executor 1, partition 0, NODE_LOCAL, 9624 bytes) 
26/10/02 15:31:09 INFO MapOutputTrackerMasterEndpoint: Asked to send map output locations for shuffle 8 to 127.0.0.1:45488
26/10/02 15:31:09 INFO TaskSetManager: Finished task 0.0 in stage 36.0 (TID 20) in 250 ms on 127.0.0.1 (executor 1) (1/1)
26/10/02 15:31:09 INFO DAGScheduler: ShuffleMapStage 36 ($anonfun$withThreadLocalCaptured$1 at CompletableFuture.java:1768) finished in 265 ms
26/10/02 15:31:09 INFO DAGScheduler: looking for newly runnable stages
26/10/02 15:31:09 INFO DAGScheduler: running: HashSet()
26/10/02 15:31:09 INFO DAGScheduler: waiting: HashSet()
26/10/02 15:31:09 INFO DAGScheduler: failed: HashSet()
26/10/02 15:31:09 INFO TaskSchedulerImpl: Removed TaskSet 36.0 whose tasks have all completed, from pool 
26/10/02 15:31:09 INFO ShufflePartitionsUtil: For shuffle(9, advisory target size: 67108864, actual target size 1048576, minimum partition size: 1048576
26/10/02 15:31:09 INFO PathOutputCommitterFactory: No output committer factory defined, defaulting to FileOutputCommitterFactory
26/10/02 15:31:09 INFO FileOutputCommitter: File Output Committer Algorithm version is 1
26/10/02 15:31:09 INFO FileOutputCommitter: FileOutputCommitter skip cleanup _temporary folders under output directory:false, ignore cleanup failures: false
26/10/02 15:31:09 INFO SQLHadoopMapReduceCommitProtocol: Using output committer class org.apache.hadoop.mapreduce.lib.output.FileOutputCommitter
26/10/02 15:31:09 INFO SparkContext: Starting job: $anonfun$withThreadLocalCaptured$1 at CompletableFuture.java:1768
26/10/02 15:31:09 INFO DAGScheduler: Got job 21 ($anonfun$withThreadLocalCaptured$1 at CompletableFuture.java:1768) with 1 output partitions
26/10/02 15:31:09 INFO DAGScheduler: Final stage: ResultStage 39 ($anonfun$withThreadLocalCaptured$1 at CompletableFuture.java:1768)
26/10/02 15:31:09 INFO DAGScheduler: Parents of final stage: List(ShuffleMapStage 38)
26/10/02 15:31:09 INFO DAGScheduler: Missing parents: List()
26/10/02 15:31:09 INFO DAGScheduler: Missing parents found for ResultStage 39: List()
26/10/02 15:31:09 INFO DAGScheduler: Submitting ResultStage 39 (MapPartitionsRDD[87] at $anonfun$withThreadLocalCaptured$1 at CompletableFuture.java:1768), which has no missing parents
26/10/02 15:31:09 INFO MemoryStore: Block broadcast_35 stored as values in memory (estimated size 292.2 KiB, free 432.8 MiB)
26/10/02 15:31:09 INFO MemoryStore: Block broadcast_35_piece0 stored as bytes in memory (estimated size 105.2 KiB, free 432.7 MiB)
26/10/02 15:31:09 INFO SparkContext: Created broadcast 35 from broadcast at DAGScheduler.scala:1760
26/10/02 15:31:09 INFO DAGScheduler: Submitting 1 missing tasks from ResultStage 39 (MapPartitionsRDD[87] at $anonfun$withThreadLocalCaptured$1 at CompletableFuture.java:1768) (first 15 tasks are for partitions Vector(0))
26/10/02 15:31:09 INFO TaskSchedulerImpl: Adding task set 39.0 with 1 tasks resource profile 0
26/10/02 15:31:09 INFO TaskSetManager: Starting task 0.0 in stage 39.0 (TID 21) (127.0.0.1,executor 1, partition 0, NODE_LOCAL, 9982 bytes) 
26/10/02 15:31:10 INFO MapOutputTrackerMasterEndpoint: Asked to send map output locations for shuffle 9 to 127.0.0.1:45488
26/10/02 15:31:10 INFO TaskSetManager: Finished task 0.0 in stage 39.0 (TID 21) in 430 ms on 127.0.0.1 (executor 1) (1/1)
26/10/02 15:31:10 INFO TaskSchedulerImpl: Removed TaskSet 39.0 whose tasks have all completed, from pool 
26/10/02 15:31:10 INFO DAGScheduler: ResultStage 39 ($anonfun$withThreadLocalCaptured$1 at CompletableFuture.java:1768) finished in 506 ms
26/10/02 15:31:10 INFO DAGScheduler: Job 21 is finished. Cancelling potential speculative or zombie tasks for this job
26/10/02 15:31:10 INFO TaskSchedulerImpl: Canceling stage 39
26/10/02 15:31:10 INFO TaskSchedulerImpl: Killing all running tasks in stage 39: Stage finished
26/10/02 15:31:10 INFO DAGScheduler: Job 21 finished: $anonfun$withThreadLocalCaptured$1 at CompletableFuture.java:1768, took 538.904654 ms
26/10/02 15:31:10 INFO FileFormatWriter: Start to commit write Job 7dafa1a0-888f-4050-bb77-9976daf4cd29.
26/10/02 15:31:10 INFO FileFormatWriter: Write Job 7dafa1a0-888f-4050-bb77-9976daf4cd29 committed. Elapsed time: 63 ms.
26/10/02 15:31:10 INFO FileFormatWriter: Finished processing stats for write job 7dafa1a0-888f-4050-bb77-9976daf4cd29.
26/10/02 15:31:10 INFO DAGScheduler: Asked to cleanup jobs for query execution 5

=== task3 ===
26/10/02 15:31:10 INFO FileSourceStrategy: Pushed Filters: IsNotNull(song_id),IsNotNull(user_id)
26/10/02 15:31:10 INFO FileSourceStrategy: Post-Scan Filters: Set(isnotnull(song_id#1), isnotnull(user_id#0))
26/10/02 15:31:10 INFO FileSourceStrategy: Pushed Filters: IsNotNull(song_id)
26/10/02 15:31:10 INFO FileSourceStrategy: Post-Scan Filters: Set(isnotnull(song_id#4))
26/10/02 15:31:10 INFO FileSourceStrategy: Pushed Filters: IsNotNull(song_id),IsNotNull(user_id)
26/10/02 15:31:10 INFO FileSourceStrategy: Post-Scan Filters: Set(isnotnull(song_id#118), isnotnull(user_id#117))
26/10/02 15:31:10 INFO FileSourceStrategy: Pushed Filters: IsNotNull(song_id)
26/10/02 15:31:10 INFO FileSourceStrategy: Post-Scan Filters: Set(isnotnull(song_id#121))
26/10/02 15:31:10 INFO MemoryStore: Block broadcast_36 stored as values in memory (estimated size 214.6 KiB, free 432.7 MiB)
26/10/02 15:31:10 INFO MemoryStore: Block broadcast_36_piece0 stored as bytes in memory (estimated size 39.6 KiB, free 432.7 MiB)
26/10/02 15:31:10 INFO CodeGenerator: Code generated in 82.065244 ms
26/10/02 15:31:10 INFO SparkContext: Created broadcast 36 from $anonfun$withThreadLocalCaptured$1 at CompletableFuture.java:1768
26/10/02 15:31:10 INFO FileSourceScanExec: Planning scan with bin packing, max size: 4194304 bytes, open cost is considered as scanning 4194304 bytes.
26/10/02 15:31:10 INFO MemoryStore: Block broadcast_37 stored as values in memory (estimated size 214.6 KiB, free 432.8 MiB)
26/10/02 15:31:10 INFO SparkContext: Starting job: $anonfun$withThreadLocalCaptured$1 at CompletableFuture.java:1768
26/10/02 15:31:10 INFO DAGScheduler: Got job 22 ($anonfun$withThreadLocalCaptured$1 at CompletableFuture.java:1768) with 1 output partitions
26/10/02 15:31:10 INFO DAGScheduler: Final stage: ResultStage 40 ($anonfun$withThreadLocalCaptured$1 at CompletableFuture.java:1768)
26/10/02 15:31:10 INFO DAGScheduler: Parents of final stage: List()
26/10/02 15:31:10 INFO DAGScheduler: Missing parents: List()
26/10/02 15:31:10 INFO DAGScheduler: Missing parents found for ResultStage 40: List()
26/10/02 15:31:10 INFO DAGScheduler: Submitting ResultStage 40 (MapPartitionsRDD[91] at $anonfun$withThreadLocalCaptured$1 at CompletableFuture.java:1768), which has no missing parents
26/10/02 15:31:10 INFO MemoryStore: Block broadcast_38 stored as values in memory (estimated size 16.7 KiB, free 433.0 MiB)
26/10/02 15:31:10 INFO MemoryStore: Block broadcast_38_piece0 stored as bytes in memory (estimated size 8.1 KiB, free 433.0 MiB)
26/10/02 15:31:10 INFO SparkContext: Created broadcast 38 from broadcast at DAGScheduler.scala:1760
26/10/02 15:31:11 INFO DAGScheduler: Submitting 1 missing tasks from ResultStage 40 (MapPartitionsRDD[91] at $anonfun$withThreadLocalCaptured$1 at CompletableFuture.java:1768) (first 15 tasks are for partitions Vector(0))
26/10/02 15:31:11 INFO TaskSchedulerImpl: Adding task set 40.0 with 1 tasks resource profile 0
26/10/02 15:31:11 INFO MemoryStore: Block broadcast_37_piece0 stored as bytes in memory (estimated size 39.6 KiB, free 433.4 MiB)
26/10/02 15:31:11 INFO TaskSetManager: Starting task 0.0 in stage 40.0 (TID 22) (127.0.0.1,executor 1, partition 0, PROCESS_LOCAL, 10256 bytes) 
26/10/02 15:31:11 INFO SparkContext: Created broadcast 37 from $anonfun$withThreadLocalCaptured$1 at CompletableFuture.java:1768
26/10/02 15:31:11 INFO FileSourceScanExec: Planning scan with bin packing, max size: 4194304 bytes, open cost is considered as scanning 4194304 bytes.
26/10/02 15:31:11 INFO SparkContext: Starting job: $anonfun$withThreadLocalCaptured$1 at CompletableFuture.java:1768
26/10/02 15:31:11 INFO DAGScheduler: Got job 23 ($anonfun$withThreadLocalCaptured$1 at CompletableFuture.java:1768) with 1 output partitions
26/10/02 15:31:11 INFO DAGScheduler: Final stage: ResultStage 41 ($anonfun$withThreadLocalCaptured$1 at CompletableFuture.java:1768)
26/10/02 15:31:11 INFO DAGScheduler: Parents of final stage: List()
26/10/02 15:31:11 INFO DAGScheduler: Missing parents: List()
26/10/02 15:31:11 INFO DAGScheduler: Missing parents found for ResultStage 41: List()
26/10/02 15:31:11 INFO DAGScheduler: Submitting ResultStage 41 (MapPartitionsRDD[95] at $anonfun$withThreadLocalCaptured$1 at CompletableFuture.java:1768), which has no missing parents
26/10/02 15:31:11 INFO MemoryStore: Block broadcast_39 stored as values in memory (estimated size 16.2 KiB, free 433.6 MiB)
26/10/02 15:31:11 INFO MemoryStore: Block broadcast_39_piece0 stored as bytes in memory (estimated size 7.9 KiB, free 433.6 MiB)
26/10/02 15:31:11 INFO SparkContext: Created broadcast 39 from broadcast at DAGScheduler.scala:1760
26/10/02 15:31:11 INFO DAGScheduler: Submitting 1 missing tasks from ResultStage 41 (MapPartitionsRDD[95] at $anonfun$withThreadLocalCaptured$1 at CompletableFuture.java:1768) (first 15 tasks are for partitions Vector(0))
26/10/02 15:31:11 INFO TaskSchedulerImpl: Adding task set 41.0 with 1 tasks resource profile 0
26/10/02 15:31:11 INFO TaskSetManager: Starting task 0.0 in stage 41.0 (TID 23) (127.0.0.1,executor 1, partition 0, PROCESS_LOCAL, 10256 bytes) 
26/10/02 15:31:11 INFO TaskSetManager: Finished task 0.0 in stage 40.0 (TID 22) in 337 ms on 127.0.0.1 (executor 1) (1/1)
26/10/02 15:31:11 INFO TaskSchedulerImpl: Removed TaskSet 40.0 whose tasks have all completed, from pool 
26/10/02 15:31:11 INFO DAGScheduler: ResultStage 40 ($anonfun$withThreadLocalCaptured$1 at CompletableFuture.java:1768) finished in 379 ms
26/10/02 15:31:11 INFO DAGScheduler: Job 22 is finished. Cancelling potential speculative or zombie tasks for this job
26/10/02 15:31:11 INFO TaskSchedulerImpl: Canceling stage 40
26/10/02 15:31:11 INFO TaskSchedulerImpl: Killing all running tasks in stage 40: Stage finished
26/10/02 15:31:11 INFO DAGScheduler: Job 22 finished: $anonfun$withThreadLocalCaptured$1 at CompletableFuture.java:1768, took 412.780914 ms
26/10/02 15:31:11 INFO MemoryStore: Block broadcast_40_piece0 stored as bytes in memory (estimated size 1100.0 B, free 433.9 MiB)
26/10/02 15:31:11 INFO SparkContext: Created broadcast 40 from $anonfun$withThreadLocalCaptured$1 at CompletableFuture.java:1768
26/10/02 15:31:11 INFO FileSourceStrategy: Pushed Filters: IsNotNull(song_id),IsNotNull(user_id)
26/10/02 15:31:11 INFO FileSourceStrategy: Post-Scan Filters: Set(isnotnull(song_id#1), isnotnull(user_id#0))
26/10/02 15:31:11 INFO FileSourceStrategy: Pushed Filters: IsNotNull(song_id),IsNotNull(user_id)
26/10/02 15:31:11 INFO FileSourceStrategy: Post-Scan Filters: Set(isnotnull(song_id#118), isnotnull(user_id#117))
26/10/02 15:31:11 INFO TaskSetManager: Finished task 0.0 in stage 41.0 (TID 23) in 482 ms on 127.0.0.1 (executor 1) (1/1)
26/10/02 15:31:11 INFO TaskSchedulerImpl: Removed TaskSet 41.0 whose tasks have all completed, from pool 
26/10/02 15:31:11 INFO DAGScheduler: ResultStage 41 ($anonfun$withThreadLocalCaptured$1 at CompletableFuture.java:1768) finished in 574 ms
26/10/02 15:31:11 INFO DAGScheduler: Job 23 is finished. Cancelling potential speculative or zombie tasks for this job
26/10/02 15:31:11 INFO TaskSchedulerImpl: Canceling stage 41
26/10/02 15:31:11 INFO TaskSchedulerImpl: Killing all running tasks in stage 41: Stage finished
26/10/02 15:31:11 INFO DAGScheduler: Job 23 finished: $anonfun$withThreadLocalCaptured$1 at CompletableFuture.java:1768, took 605.784139 ms
26/10/02 15:31:11 INFO MemoryStore: Block broadcast_41_piece0 stored as bytes in memory (estimated size 972.0 B, free 433.9 MiB)
26/10/02 15:31:11 INFO SparkContext: Created broadcast 41 from $anonfun$withThreadLocalCaptured$1 at CompletableFuture.java:1768
26/10/02 15:31:11 INFO FileSourceStrategy: Pushed Filters: IsNotNull(song_id),IsNotNull(user_id)
26/10/02 15:31:11 INFO FileSourceStrategy: Post-Scan Filters: Set(isnotnull(song_id#118), isnotnull(user_id#117))
26/10/02 15:31:11 INFO CodeGenerator: Code generated in 128.604694 ms
26/10/02 15:31:11 INFO MemoryStore: Block broadcast_42 stored as values in memory (estimated size 214.6 KiB, free 433.6 MiB)
26/10/02 15:31:12 INFO MemoryStore: Block broadcast_42_piece0 stored as bytes in memory (estimated size 39.6 KiB, free 433.6 MiB)
26/10/02 15:31:12 INFO SparkContext: Created broadcast 42 from $anonfun$withThreadLocalCaptured$1 at CompletableFuture.java:1768
26/10/02 15:31:12 INFO FileSourceScanExec: Planning scan with bin packing, max size: 4194304 bytes, open cost is considered as scanning 4194304 bytes.
26/10/02 15:31:12 INFO DAGScheduler: Registering RDD 99 ($anonfun$withThreadLocalCaptured$1 at CompletableFuture.java:1768) as input to shuffle 10
26/10/02 15:31:12 INFO DAGScheduler: Got map stage job 24 ($anonfun$withThreadLocalCaptured$1 at CompletableFuture.java:1768) with 1 output partitions
26/10/02 15:31:12 INFO DAGScheduler: Final stage: ShuffleMapStage 42 ($anonfun$withThreadLocalCaptured$1 at CompletableFuture.java:1768)
26/10/02 15:31:12 INFO DAGScheduler: Parents of final stage: List()
26/10/02 15:31:12 INFO DAGScheduler: Missing parents: List()
26/10/02 15:31:12 INFO DAGScheduler: Missing parents found for ShuffleMapStage 42: List()
26/10/02 15:31:12 INFO DAGScheduler: Submitting ShuffleMapStage 42 (MapPartitionsRDD[99] at $anonfun$withThreadLocalCaptured$1 at CompletableFuture.java:1768), which has no missing parents
26/10/02 15:31:12 INFO MemoryStore: Block broadcast_43 stored as values in memory (estimated size 53.5 KiB, free 433.6 MiB)
26/10/02 15:31:12 INFO MemoryStore: Block broadcast_43_piece0 stored as bytes in memory (estimated size 21.1 KiB, free 433.5 MiB)
26/10/02 15:31:12 INFO SparkContext: Created broadcast 43 from broadcast at DAGScheduler.scala:1760
26/10/02 15:31:12 INFO DAGScheduler: Submitting 1 missing tasks from ShuffleMapStage 42 (MapPartitionsRDD[99] at $anonfun$withThreadLocalCaptured$1 at CompletableFuture.java:1768) (first 15 tasks are for partitions Vector(0))
26/10/02 15:31:12 INFO TaskSchedulerImpl: Adding task set 42.0 with 1 tasks resource profile 0
26/10/02 15:31:12 INFO TaskSetManager: Starting task 0.0 in stage 42.0 (TID 24) (127.0.0.1,executor 0, partition 0, PROCESS_LOCAL, 10245 bytes) 
26/10/02 15:31:12 INFO CodeGenerator: Code generated in 129.173341 ms
26/10/02 15:31:12 INFO MemoryStore: Block broadcast_44 stored as values in memory (estimated size 214.6 KiB, free 433.3 MiB)
26/10/02 15:31:12 INFO MemoryStore: Block broadcast_44_piece0 stored as bytes in memory (estimated size 39.6 KiB, free 433.3 MiB)
26/10/02 15:31:12 INFO SparkContext: Created broadcast 44 from $anonfun$withThreadLocalCaptured$1 at CompletableFuture.java:1768
26/10/02 15:31:12 INFO FileSourceScanExec: Planning scan with bin packing, max size: 4194304 bytes, open cost is considered as scanning 4194304 bytes.
26/10/02 15:31:12 INFO DAGScheduler: Registering RDD 103 ($anonfun$withThreadLocalCaptured$1 at CompletableFuture.java:1768) as input to shuffle 11
26/10/02 15:31:12 INFO DAGScheduler: Got map stage job 25 ($anonfun$withThreadLocalCaptured$1 at CompletableFuture.java:1768) with 1 output partitions
26/10/02 15:31:12 INFO DAGScheduler: Final stage: ShuffleMapStage 43 ($anonfun$withThreadLocalCaptured$1 at CompletableFuture.java:1768)
26/10/02 15:31:12 INFO DAGScheduler: Parents of final stage: List()
26/10/02 15:31:12 INFO DAGScheduler: Missing parents: List()
26/10/02 15:31:12 INFO DAGScheduler: Missing parents found for ShuffleMapStage 43: List()
26/10/02 15:31:12 INFO DAGScheduler: Submitting ShuffleMapStage 43 (MapPartitionsRDD[103] at $anonfun$withThreadLocalCaptured$1 at CompletableFuture.java:1768), which has no missing parents
26/10/02 15:31:12 INFO MemoryStore: Block broadcast_45 stored as values in memory (estimated size 51.7 KiB, free 433.2 MiB)
26/10/02 15:31:12 INFO MemoryStore: Block broadcast_45_piece0 stored as bytes in memory (estimated size 20.6 KiB, free 433.2 MiB)
26/10/02 15:31:12 INFO SparkContext: Created broadcast 45 from broadcast at DAGScheduler.scala:1760
26/10/02 15:31:12 INFO DAGScheduler: Submitting 1 missing tasks from ShuffleMapStage 43 (MapPartitionsRDD[103] at $anonfun$withThreadLocalCaptured$1 at CompletableFuture.java:1768) (first 15 tasks are for partitions Vector(0))
26/10/02 15:31:12 INFO TaskSchedulerImpl: Adding task set 43.0 with 1 tasks resource profile 0
26/10/02 15:31:12 INFO TaskSetManager: Starting task 0.0 in stage 43.0 (TID 25) (127.0.0.1,executor 0, partition 0, PROCESS_LOCAL, 10245 bytes) 
26/10/02 15:31:12 INFO TaskSetManager: Finished task 0.0 in stage 43.0 (TID 25) in 466 ms on 127.0.0.1 (executor 0) (1/1)
26/10/02 15:31:12 INFO TaskSchedulerImpl: Removed TaskSet 43.0 whose tasks have all completed, from pool 
26/10/02 15:31:12 INFO DAGScheduler: ShuffleMapStage 43 ($anonfun$withThreadLocalCaptured$1 at CompletableFuture.java:1768) finished in 479 ms
26/10/02 15:31:12 INFO DAGScheduler: looking for newly runnable stages
26/10/02 15:31:12 INFO DAGScheduler: running: HashSet(ShuffleMapStage 42)
26/10/02 15:31:12 INFO DAGScheduler: waiting: HashSet()
26/10/02 15:31:12 INFO DAGScheduler: failed: HashSet()
26/10/02 15:31:12 INFO ShufflePartitionsUtil: For shuffle(11, advisory target size: 67108864, actual target size 1048576, minimum partition size: 1048576
26/10/02 15:31:12 INFO HashAggregateExec: spark.sql.codegen.aggregate.map.twolevel.enabled is set to true, but current version of codegened fast hashmap does not support this aggregate.
26/10/02 15:31:12 INFO CodeGenerator: Code generated in 49.088516 ms
26/10/02 15:31:12 INFO TaskSetManager: Finished task 0.0 in stage 42.0 (TID 24) in 826 ms on 127.0.0.1 (executor 0) (1/1)
26/10/02 15:31:12 INFO TaskSchedulerImpl: Removed TaskSet 42.0 whose tasks have all completed, from pool 
26/10/02 15:31:12 INFO DAGScheduler: ShuffleMapStage 42 ($anonfun$withThreadLocalCaptured$1 at CompletableFuture.java:1768) finished in 876 ms
26/10/02 15:31:12 INFO DAGScheduler: looking for newly runnable stages
26/10/02 15:31:12 INFO DAGScheduler: running: HashSet()
26/10/02 15:31:12 INFO DAGScheduler: waiting: HashSet()
26/10/02 15:31:12 INFO DAGScheduler: failed: HashSet()
26/10/02 15:31:12 INFO SparkContext: Starting job: $anonfun$withThreadLocalCaptured$1 at CompletableFuture.java:1768
26/10/02 15:31:12 INFO DAGScheduler: Got job 26 ($anonfun$withThreadLocalCaptured$1 at CompletableFuture.java:1768) with 1 output partitions
26/10/02 15:31:12 INFO DAGScheduler: Final stage: ResultStage 45 ($anonfun$withThreadLocalCaptured$1 at CompletableFuture.java:1768)
26/10/02 15:31:12 INFO DAGScheduler: Parents of final stage: List(ShuffleMapStage 44)
26/10/02 15:31:12 INFO DAGScheduler: Missing parents: List()
26/10/02 15:31:12 INFO ShufflePartitionsUtil: For shuffle(10, advisory target size: 67108864, actual target size 1048576, minimum partition size: 1048576
26/10/02 15:31:12 INFO DAGScheduler: Missing parents found for ResultStage 45: List()
26/10/02 15:31:12 INFO DAGScheduler: Submitting ResultStage 45 (MapPartitionsRDD[106] at $anonfun$withThreadLocalCaptured$1 at CompletableFuture.java:1768), which has no missing parents
26/10/02 15:31:13 INFO MemoryStore: Block broadcast_46 stored as values in memory (estimated size 54.2 KiB, free 433.3 MiB)
26/10/02 15:31:13 INFO MemoryStore: Block broadcast_46_piece0 stored as bytes in memory (estimated size 21.3 KiB, free 433.3 MiB)
26/10/02 15:31:13 INFO SparkContext: Created broadcast 46 from broadcast at DAGScheduler.scala:1760
26/10/02 15:31:13 INFO DAGScheduler: Submitting 1 missing tasks from ResultStage 45 (MapPartitionsRDD[106] at $anonfun$withThreadLocalCaptured$1 at CompletableFuture.java:1768) (first 15 tasks are for partitions Vector(0))
26/10/02 15:31:13 INFO TaskSchedulerImpl: Adding task set 45.0 with 1 tasks resource profile 0
26/10/02 15:31:13 INFO HashAggregateExec: spark.sql.codegen.aggregate.map.twolevel.enabled is set to true, but current version of codegened fast hashmap does not support this aggregate.
26/10/02 15:31:13 INFO TaskSetManager: Starting task 0.0 in stage 45.0 (TID 26) (127.0.0.1,executor 0, partition 0, NODE_LOCAL, 9635 bytes) 
26/10/02 15:31:13 INFO CodeGenerator: Code generated in 78.681526 ms
26/10/02 15:31:13 INFO MapOutputTrackerMasterEndpoint: Asked to send map output locations for shuffle 11 to 127.0.0.1:45486
26/10/02 15:31:13 INFO DAGScheduler: Registering RDD 110 ($anonfun$withThreadLocalCaptured$1 at CompletableFuture.java:1768) as input to shuffle 12
26/10/02 15:31:13 INFO DAGScheduler: Got map stage job 27 ($anonfun$withThreadLocalCaptured$1 at CompletableFuture.java:1768) with 1 output partitions
26/10/02 15:31:13 INFO DAGScheduler: Final stage: ShuffleMapStage 47 ($anonfun$withThreadLocalCaptured$1 at CompletableFuture.java:1768)
26/10/02 15:31:13 INFO DAGScheduler: Parents of final stage: List(ShuffleMapStage 46)
26/10/02 15:31:13 INFO DAGScheduler: Missing parents: List()
26/10/02 15:31:13 INFO DAGScheduler: Missing parents found for ShuffleMapStage 47: List()
26/10/02 15:31:13 INFO DAGScheduler: Submitting ShuffleMapStage 47 (MapPartitionsRDD[110] at $anonfun$withThreadLocalCaptured$1 at CompletableFuture.java:1768), which has no missing parents
26/10/02 15:31:13 INFO MemoryStore: Block broadcast_47 stored as values in memory (estimated size 65.9 KiB, free 433.2 MiB)
26/10/02 15:31:13 INFO MemoryStore: Block broadcast_47_piece0 stored as bytes in memory (estimated size 24.2 KiB, free 433.2 MiB)
26/10/02 15:31:13 INFO SparkContext: Created broadcast 47 from broadcast at DAGScheduler.scala:1760
26/10/02 15:31:13 INFO DAGScheduler: Submitting 1 missing tasks from ShuffleMapStage 47 (MapPartitionsRDD[110] at $anonfun$withThreadLocalCaptured$1 at CompletableFuture.java:1768) (first 15 tasks are for partitions Vector(0))
26/10/02 15:31:13 INFO TaskSchedulerImpl: Adding task set 47.0 with 1 tasks resource profile 0
26/10/02 15:31:13 INFO TaskSetManager: Starting task 0.0 in stage 47.0 (TID 27) (127.0.0.1,executor 0, partition 0, NODE_LOCAL, 9624 bytes) 
26/10/02 15:31:13 INFO MapOutputTrackerMasterEndpoint: Asked to send map output locations for shuffle 10 to 127.0.0.1:45486
26/10/02 15:31:13 INFO TaskSetManager: Finished task 0.0 in stage 45.0 (TID 26) in 239 ms on 127.0.0.1 (executor 0) (1/1)
26/10/02 15:31:13 INFO TaskSchedulerImpl: Removed TaskSet 45.0 whose tasks have all completed, from pool 
26/10/02 15:31:13 INFO DAGScheduler: ResultStage 45 ($anonfun$withThreadLocalCaptured$1 at CompletableFuture.java:1768) finished in 294 ms
26/10/02 15:31:13 INFO DAGScheduler: Job 26 is finished. Cancelling potential speculative or zombie tasks for this job
26/10/02 15:31:13 INFO TaskSchedulerImpl: Canceling stage 45
26/10/02 15:31:13 INFO TaskSchedulerImpl: Killing all running tasks in stage 45: Stage finished
26/10/02 15:31:13 INFO DAGScheduler: Job 26 finished: $anonfun$withThreadLocalCaptured$1 at CompletableFuture.java:1768, took 345.830624 ms
26/10/02 15:31:13 INFO CodeGenerator: Code generated in 33.247651 ms
26/10/02 15:31:13 INFO MemoryStore: Block broadcast_48_piece0 stored as bytes in memory (estimated size 2.0 KiB, free 433.2 MiB)
26/10/02 15:31:13 INFO SparkContext: Created broadcast 48 from $anonfun$withThreadLocalCaptured$1 at CompletableFuture.java:1768
26/10/02 15:31:13 INFO TaskSetManager: Finished task 0.0 in stage 47.0 (TID 27) in 265 ms on 127.0.0.1 (executor 0) (1/1)
26/10/02 15:31:13 INFO TaskSchedulerImpl: Removed TaskSet 47.0 whose tasks have all completed, from pool 
26/10/02 15:31:13 INFO DAGScheduler: ShuffleMapStage 47 ($anonfun$withThreadLocalCaptured$1 at CompletableFuture.java:1768) finished in 308 ms
26/10/02 15:31:13 INFO DAGScheduler: looking for newly runnable stages
26/10/02 15:31:13 INFO DAGScheduler: running: HashSet()
26/10/02 15:31:13 INFO DAGScheduler: waiting: HashSet()
26/10/02 15:31:13 INFO DAGScheduler: failed: HashSet()
26/10/02 15:31:13 INFO ShufflePartitionsUtil: For shuffle(12, advisory target size: 67108864, actual target size 1048576, minimum partition size: 1048576
26/10/02 15:31:13 INFO CodeGenerator: Code generated in 17.485394 ms
26/10/02 15:31:13 INFO CodeGenerator: Code generated in 27.371902 ms
26/10/02 15:31:13 INFO CodeGenerator: Code generated in 26.769918 ms
26/10/02 15:31:13 INFO SparkContext: Starting job: $anonfun$withThreadLocalCaptured$1 at CompletableFuture.java:1768
26/10/02 15:31:13 INFO DAGScheduler: Got job 28 ($anonfun$withThreadLocalCaptured$1 at CompletableFuture.java:1768) with 1 output partitions
26/10/02 15:31:13 INFO DAGScheduler: Final stage: ResultStage 50 ($anonfun$withThreadLocalCaptured$1 at CompletableFuture.java:1768)
26/10/02 15:31:13 INFO DAGScheduler: Parents of final stage: List(ShuffleMapStage 49)
26/10/02 15:31:13 INFO DAGScheduler: Missing parents: List()
26/10/02 15:31:13 INFO DAGScheduler: Missing parents found for ResultStage 50: List()
26/10/02 15:31:13 INFO DAGScheduler: Submitting ResultStage 50 (MapPartitionsRDD[117] at $anonfun$withThreadLocalCaptured$1 at CompletableFuture.java:1768), which has no missing parents
26/10/02 15:31:13 INFO MemoryStore: Block broadcast_49 stored as values in memory (estimated size 74.4 KiB, free 433.1 MiB)
26/10/02 15:31:13 INFO MemoryStore: Block broadcast_49_piece0 stored as bytes in memory (estimated size 27.3 KiB, free 433.1 MiB)
26/10/02 15:31:13 INFO SparkContext: Created broadcast 49 from broadcast at DAGScheduler.scala:1760
26/10/02 15:31:13 INFO DAGScheduler: Submitting 1 missing tasks from ResultStage 50 (MapPartitionsRDD[117] at $anonfun$withThreadLocalCaptured$1 at CompletableFuture.java:1768) (first 15 tasks are for partitions Vector(0))
26/10/02 15:31:13 INFO TaskSchedulerImpl: Adding task set 50.0 with 1 tasks resource profile 0
26/10/02 15:31:13 INFO TaskSetManager: Starting task 0.0 in stage 50.0 (TID 28) (127.0.0.1,executor 1, partition 0, NODE_LOCAL, 9635 bytes) 
26/10/02 15:31:13 INFO MapOutputTrackerMasterEndpoint: Asked to send map output locations for shuffle 12 to 127.0.0.1:45488
26/10/02 15:31:14 INFO TaskSetManager: Finished task 0.0 in stage 50.0 (TID 28) in 297 ms on 127.0.0.1 (executor 1) (1/1)
26/10/02 15:31:14 INFO TaskSchedulerImpl: Removed TaskSet 50.0 whose tasks have all completed, from pool 
26/10/02 15:31:14 INFO DAGScheduler: ResultStage 50 ($anonfun$withThreadLocalCaptured$1 at CompletableFuture.java:1768) finished in 321 ms
26/10/02 15:31:14 INFO DAGScheduler: Job 28 is finished. Cancelling potential speculative or zombie tasks for this job
26/10/02 15:31:14 INFO TaskSchedulerImpl: Canceling stage 50
26/10/02 15:31:14 INFO TaskSchedulerImpl: Killing all running tasks in stage 50: Stage finished
26/10/02 15:31:14 INFO DAGScheduler: Job 28 finished: $anonfun$withThreadLocalCaptured$1 at CompletableFuture.java:1768, took 337.845204 ms
26/10/02 15:31:14 INFO CodeGenerator: Code generated in 30.753568 ms
26/10/02 15:31:14 INFO CodeGenerator: Code generated in 23.264729 ms
26/10/02 15:31:14 INFO DAGScheduler: Asked to cleanup jobs for query execution 6
+-------+---------+----------+-----------+-------------+
|user_id|genre    |play_count|total_plays|loyalty_score|
+-------+---------+----------+-----------+-------------+
|user_75|Classical|6         |6          |1.0          |
|user_89|Rock     |6         |6          |1.0          |
|user_96|Jazz     |5         |5          |1.0          |
|user_59|Pop      |4         |4          |1.0          |
|user_23|Hip-Hop  |3         |3          |1.0          |
|user_15|Hip-Hop  |2         |2          |1.0          |
|user_43|Rock     |1         |1          |1.0          |
|user_61|Jazz     |14        |15         |0.933        |
|user_79|Jazz     |10        |11         |0.909        |
|user_50|Jazz     |8         |9          |0.889        |
+-------+---------+----------+-----------+-------------+

26/10/02 15:31:14 INFO FileSourceStrategy: Pushed Filters: IsNotNull(song_id),IsNotNull(user_id)
26/10/02 15:31:14 INFO FileSourceStrategy: Post-Scan Filters: Set(isnotnull(song_id#1), isnotnull(user_id#0))
26/10/02 15:31:14 INFO FileSourceStrategy: Pushed Filters: IsNotNull(song_id)
26/10/02 15:31:14 INFO FileSourceStrategy: Post-Scan Filters: Set(isnotnull(song_id#4))
26/10/02 15:31:14 INFO FileSourceStrategy: Pushed Filters: IsNotNull(song_id),IsNotNull(user_id)
26/10/02 15:31:14 INFO FileSourceStrategy: Post-Scan Filters: Set(isnotnull(song_id#118), isnotnull(user_id#117))
26/10/02 15:31:14 INFO FileSourceStrategy: Pushed Filters: IsNotNull(song_id)
26/10/02 15:31:14 INFO FileSourceStrategy: Post-Scan Filters: Set(isnotnull(song_id#121))
26/10/02 15:31:14 INFO MemoryStore: Block broadcast_50 stored as values in memory (estimated size 214.6 KiB, free 432.9 MiB)
26/10/02 15:31:14 INFO MemoryStore: Block broadcast_51 stored as values in memory (estimated size 214.6 KiB, free 432.7 MiB)
26/10/02 15:31:14 INFO MemoryStore: Block broadcast_50_piece0 stored as bytes in memory (estimated size 39.6 KiB, free 432.6 MiB)
26/10/02 15:31:14 INFO SparkContext: Created broadcast 50 from $anonfun$withThreadLocalCaptured$1 at CompletableFuture.java:1768
26/10/02 15:31:14 INFO MemoryStore: Block broadcast_51_piece0 stored as bytes in memory (estimated size 39.6 KiB, free 432.6 MiB)
26/10/02 15:31:14 INFO FileSourceScanExec: Planning scan with bin packing, max size: 4194304 bytes, open cost is considered as scanning 4194304 bytes.
26/10/02 15:31:14 INFO SparkContext: Created broadcast 51 from $anonfun$withThreadLocalCaptured$1 at CompletableFuture.java:1768
26/10/02 15:31:14 INFO FileSourceScanExec: Planning scan with bin packing, max size: 4194304 bytes, open cost is considered as scanning 4194304 bytes.
26/10/02 15:31:14 INFO SparkContext: Starting job: $anonfun$withThreadLocalCaptured$1 at CompletableFuture.java:1768
26/10/02 15:31:14 INFO DAGScheduler: Got job 29 ($anonfun$withThreadLocalCaptured$1 at CompletableFuture.java:1768) with 1 output partitions
26/10/02 15:31:14 INFO DAGScheduler: Final stage: ResultStage 51 ($anonfun$withThreadLocalCaptured$1 at CompletableFuture.java:1768)
26/10/02 15:31:14 INFO DAGScheduler: Parents of final stage: List()
26/10/02 15:31:14 INFO DAGScheduler: Missing parents: List()
26/10/02 15:31:14 INFO SparkContext: Starting job: $anonfun$withThreadLocalCaptured$1 at CompletableFuture.java:1768
26/10/02 15:31:14 INFO DAGScheduler: Missing parents found for ResultStage 51: List()
26/10/02 15:31:14 INFO DAGScheduler: Submitting ResultStage 51 (MapPartitionsRDD[122] at $anonfun$withThreadLocalCaptured$1 at CompletableFuture.java:1768), which has no missing parents
26/10/02 15:31:14 INFO MemoryStore: Block broadcast_52 stored as values in memory (estimated size 16.2 KiB, free 432.6 MiB)
26/10/02 15:31:14 INFO MemoryStore: Block broadcast_52_piece0 stored as bytes in memory (estimated size 8.0 KiB, free 432.5 MiB)
26/10/02 15:31:14 INFO SparkContext: Created broadcast 52 from broadcast at DAGScheduler.scala:1760
26/10/02 15:31:14 INFO DAGScheduler: Submitting 1 missing tasks from ResultStage 51 (MapPartitionsRDD[122] at $anonfun$withThreadLocalCaptured$1 at CompletableFuture.java:1768) (first 15 tasks are for partitions Vector(0))
26/10/02 15:31:14 INFO TaskSchedulerImpl: Adding task set 51.0 with 1 tasks resource profile 0
26/10/02 15:31:14 INFO DAGScheduler: Got job 30 ($anonfun$withThreadLocalCaptured$1 at CompletableFuture.java:1768) with 1 output partitions
26/10/02 15:31:14 INFO DAGScheduler: Final stage: ResultStage 52 ($anonfun$withThreadLocalCaptured$1 at CompletableFuture.java:1768)
26/10/02 15:31:14 INFO DAGScheduler: Parents of final stage: List()
26/10/02 15:31:14 INFO DAGScheduler: Missing parents: List()
26/10/02 15:31:14 INFO DAGScheduler: Missing parents found for ResultStage 52: List()
26/10/02 15:31:14 INFO DAGScheduler: Submitting ResultStage 52 (MapPartitionsRDD[125] at $anonfun$withThreadLocalCaptured$1 at CompletableFuture.java:1768), which has no missing parents
26/10/02 15:31:14 INFO MemoryStore: Block broadcast_53 stored as values in memory (estimated size 16.7 KiB, free 432.5 MiB)
26/10/02 15:31:14 INFO TaskSetManager: Starting task 0.0 in stage 51.0 (TID 29) (127.0.0.1,executor 0, partition 0, PROCESS_LOCAL, 10256 bytes) 
26/10/02 15:31:14 INFO MemoryStore: Block broadcast_53_piece0 stored as bytes in memory (estimated size 8.1 KiB, free 432.5 MiB)
26/10/02 15:31:14 INFO SparkContext: Created broadcast 53 from broadcast at DAGScheduler.scala:1760
26/10/02 15:31:14 INFO DAGScheduler: Submitting 1 missing tasks from ResultStage 52 (MapPartitionsRDD[125] at $anonfun$withThreadLocalCaptured$1 at CompletableFuture.java:1768) (first 15 tasks are for partitions Vector(0))
26/10/02 15:31:14 INFO TaskSchedulerImpl: Adding task set 52.0 with 1 tasks resource profile 0
26/10/02 15:31:14 INFO TaskSetManager: Starting task 0.0 in stage 52.0 (TID 30) (127.0.0.1,executor 0, partition 0, PROCESS_LOCAL, 10256 bytes) 
26/10/02 15:31:14 INFO TaskSetManager: Finished task 0.0 in stage 52.0 (TID 30) in 181 ms on 127.0.0.1 (executor 0) (1/1)
26/10/02 15:31:14 INFO TaskSchedulerImpl: Removed TaskSet 52.0 whose tasks have all completed, from pool 
26/10/02 15:31:14 INFO DAGScheduler: ResultStage 52 ($anonfun$withThreadLocalCaptured$1 at CompletableFuture.java:1768) finished in 192 ms
26/10/02 15:31:14 INFO DAGScheduler: Job 30 is finished. Cancelling potential speculative or zombie tasks for this job
26/10/02 15:31:14 INFO TaskSchedulerImpl: Canceling stage 52
26/10/02 15:31:14 INFO TaskSchedulerImpl: Killing all running tasks in stage 52: Stage finished
26/10/02 15:31:14 INFO DAGScheduler: Job 30 finished: $anonfun$withThreadLocalCaptured$1 at CompletableFuture.java:1768, took 218.473246 ms
26/10/02 15:31:14 INFO TaskSetManager: Finished task 0.0 in stage 51.0 (TID 29) in 212 ms on 127.0.0.1 (executor 0) (1/1)
26/10/02 15:31:14 INFO TaskSchedulerImpl: Removed TaskSet 51.0 whose tasks have all completed, from pool 
26/10/02 15:31:14 INFO MemoryStore: Block broadcast_54_piece0 stored as bytes in memory (estimated size 1100.0 B, free 432.5 MiB)
26/10/02 15:31:14 INFO SparkContext: Created broadcast 54 from $anonfun$withThreadLocalCaptured$1 at CompletableFuture.java:1768
26/10/02 15:31:14 INFO DAGScheduler: ResultStage 51 ($anonfun$withThreadLocalCaptured$1 at CompletableFuture.java:1768) finished in 229 ms
26/10/02 15:31:14 INFO DAGScheduler: Job 29 is finished. Cancelling potential speculative or zombie tasks for this job
26/10/02 15:31:14 INFO TaskSchedulerImpl: Canceling stage 51
26/10/02 15:31:14 INFO TaskSchedulerImpl: Killing all running tasks in stage 51: Stage finished
26/10/02 15:31:14 INFO DAGScheduler: Job 29 finished: $anonfun$withThreadLocalCaptured$1 at CompletableFuture.java:1768, took 241.283097 ms
26/10/02 15:31:14 INFO FileSourceStrategy: Pushed Filters: IsNotNull(song_id),IsNotNull(user_id)
26/10/02 15:31:14 INFO FileSourceStrategy: Post-Scan Filters: Set(isnotnull(song_id#1), isnotnull(user_id#0))
26/10/02 15:31:14 INFO FileSourceStrategy: Pushed Filters: IsNotNull(song_id),IsNotNull(user_id)
26/10/02 15:31:14 INFO FileSourceStrategy: Post-Scan Filters: Set(isnotnull(song_id#118), isnotnull(user_id#117))
26/10/02 15:31:14 INFO MemoryStore: Block broadcast_55_piece0 stored as bytes in memory (estimated size 972.0 B, free 432.5 MiB)
26/10/02 15:31:15 INFO SparkContext: Created broadcast 55 from $anonfun$withThreadLocalCaptured$1 at CompletableFuture.java:1768
26/10/02 15:31:15 INFO TorrentBroadcast: Started reading broadcast variable 54 with 1 pieces (estimated total size 4.0 MiB)
26/10/02 15:31:15 INFO FileSourceStrategy: Pushed Filters: IsNotNull(song_id),IsNotNull(user_id)
26/10/02 15:31:15 INFO FileSourceStrategy: Post-Scan Filters: Set(isnotnull(song_id#118), isnotnull(user_id#117))
26/10/02 15:31:15 INFO TorrentBroadcast: Reading broadcast variable 54 took 31 ms
26/10/02 15:31:15 INFO MemoryStore: Block broadcast_56 stored as values in memory (estimated size 214.6 KiB, free 433.0 MiB)
26/10/02 15:31:15 INFO MemoryStore: Block broadcast_56_piece0 stored as bytes in memory (estimated size 39.6 KiB, free 433.2 MiB)
26/10/02 15:31:15 INFO SparkContext: Created broadcast 56 from $anonfun$withThreadLocalCaptured$1 at CompletableFuture.java:1768
26/10/02 15:31:15 INFO FileSourceScanExec: Planning scan with bin packing, max size: 4194304 bytes, open cost is considered as scanning 4194304 bytes.
26/10/02 15:31:15 INFO DAGScheduler: Registering RDD 129 ($anonfun$withThreadLocalCaptured$1 at CompletableFuture.java:1768) as input to shuffle 13
26/10/02 15:31:15 INFO DAGScheduler: Got map stage job 31 ($anonfun$withThreadLocalCaptured$1 at CompletableFuture.java:1768) with 1 output partitions
26/10/02 15:31:15 INFO DAGScheduler: Final stage: ShuffleMapStage 53 ($anonfun$withThreadLocalCaptured$1 at CompletableFuture.java:1768)
26/10/02 15:31:15 INFO DAGScheduler: Parents of final stage: List()
26/10/02 15:31:15 INFO DAGScheduler: Missing parents: List()
26/10/02 15:31:15 INFO DAGScheduler: Missing parents found for ShuffleMapStage 53: List()
26/10/02 15:31:15 INFO DAGScheduler: Submitting ShuffleMapStage 53 (MapPartitionsRDD[129] at $anonfun$withThreadLocalCaptured$1 at CompletableFuture.java:1768), which has no missing parents
26/10/02 15:31:15 INFO MemoryStore: Block broadcast_57 stored as values in memory (estimated size 214.6 KiB, free 433.1 MiB)
26/10/02 15:31:15 INFO MemoryStore: Block broadcast_58 stored as values in memory (estimated size 53.5 KiB, free 433.1 MiB)
26/10/02 15:31:15 INFO MemoryStore: Block broadcast_58_piece0 stored as bytes in memory (estimated size 21.2 KiB, free 433.0 MiB)
26/10/02 15:31:15 INFO SparkContext: Created broadcast 58 from broadcast at DAGScheduler.scala:1760
26/10/02 15:31:15 INFO DAGScheduler: Submitting 1 missing tasks from ShuffleMapStage 53 (MapPartitionsRDD[129] at $anonfun$withThreadLocalCaptured$1 at CompletableFuture.java:1768) (first 15 tasks are for partitions Vector(0))
26/10/02 15:31:15 INFO TaskSchedulerImpl: Adding task set 53.0 with 1 tasks resource profile 0
26/10/02 15:31:15 INFO TaskSetManager: Starting task 0.0 in stage 53.0 (TID 31) (127.0.0.1,executor 1, partition 0, PROCESS_LOCAL, 10245 bytes) 
26/10/02 15:31:15 INFO MemoryStore: Block broadcast_57_piece0 stored as bytes in memory (estimated size 39.6 KiB, free 433.3 MiB)
26/10/02 15:31:15 INFO SparkContext: Created broadcast 57 from $anonfun$withThreadLocalCaptured$1 at CompletableFuture.java:1768
26/10/02 15:31:15 INFO FileSourceScanExec: Planning scan with bin packing, max size: 4194304 bytes, open cost is considered as scanning 4194304 bytes.
26/10/02 15:31:15 INFO DAGScheduler: Registering RDD 133 ($anonfun$withThreadLocalCaptured$1 at CompletableFuture.java:1768) as input to shuffle 14
26/10/02 15:31:15 INFO DAGScheduler: Got map stage job 32 ($anonfun$withThreadLocalCaptured$1 at CompletableFuture.java:1768) with 1 output partitions
26/10/02 15:31:15 INFO DAGScheduler: Final stage: ShuffleMapStage 54 ($anonfun$withThreadLocalCaptured$1 at CompletableFuture.java:1768)
26/10/02 15:31:15 INFO DAGScheduler: Parents of final stage: List()
26/10/02 15:31:15 INFO DAGScheduler: Missing parents: List()
26/10/02 15:31:15 INFO DAGScheduler: Missing parents found for ShuffleMapStage 54: List()
26/10/02 15:31:15 INFO DAGScheduler: Submitting ShuffleMapStage 54 (MapPartitionsRDD[133] at $anonfun$withThreadLocalCaptured$1 at CompletableFuture.java:1768), which has no missing parents
26/10/02 15:31:15 INFO MemoryStore: Block broadcast_59 stored as values in memory (estimated size 51.8 KiB, free 433.3 MiB)
26/10/02 15:31:15 INFO MemoryStore: Block broadcast_59_piece0 stored as bytes in memory (estimated size 20.7 KiB, free 433.3 MiB)
26/10/02 15:31:15 INFO SparkContext: Created broadcast 59 from broadcast at DAGScheduler.scala:1760
26/10/02 15:31:15 INFO DAGScheduler: Submitting 1 missing tasks from ShuffleMapStage 54 (MapPartitionsRDD[133] at $anonfun$withThreadLocalCaptured$1 at CompletableFuture.java:1768) (first 15 tasks are for partitions Vector(0))
26/10/02 15:31:15 INFO TaskSchedulerImpl: Adding task set 54.0 with 1 tasks resource profile 0
26/10/02 15:31:15 INFO TaskSetManager: Starting task 0.0 in stage 54.0 (TID 32) (127.0.0.1,executor 0, partition 0, PROCESS_LOCAL, 10245 bytes) 
26/10/02 15:31:16 INFO TaskSetManager: Finished task 0.0 in stage 54.0 (TID 32) in 582 ms on 127.0.0.1 (executor 0) (1/1)
26/10/02 15:31:16 INFO DAGScheduler: ShuffleMapStage 54 ($anonfun$withThreadLocalCaptured$1 at CompletableFuture.java:1768) finished in 638 ms
26/10/02 15:31:16 INFO TaskSchedulerImpl: Removed TaskSet 54.0 whose tasks have all completed, from pool 
26/10/02 15:31:16 INFO DAGScheduler: looking for newly runnable stages
26/10/02 15:31:16 INFO DAGScheduler: running: HashSet(ShuffleMapStage 53)
26/10/02 15:31:16 INFO DAGScheduler: waiting: HashSet()
26/10/02 15:31:16 INFO DAGScheduler: failed: HashSet()
26/10/02 15:31:16 INFO ShufflePartitionsUtil: For shuffle(14, advisory target size: 67108864, actual target size 1048576, minimum partition size: 1048576
26/10/02 15:31:16 INFO HashAggregateExec: spark.sql.codegen.aggregate.map.twolevel.enabled is set to true, but current version of codegened fast hashmap does not support this aggregate.
26/10/02 15:31:16 INFO SparkContext: Starting job: $anonfun$withThreadLocalCaptured$1 at CompletableFuture.java:1768
26/10/02 15:31:16 INFO DAGScheduler: Got job 33 ($anonfun$withThreadLocalCaptured$1 at CompletableFuture.java:1768) with 1 output partitions
26/10/02 15:31:16 INFO DAGScheduler: Final stage: ResultStage 56 ($anonfun$withThreadLocalCaptured$1 at CompletableFuture.java:1768)
26/10/02 15:31:16 INFO DAGScheduler: Parents of final stage: List(ShuffleMapStage 55)
26/10/02 15:31:16 INFO DAGScheduler: Missing parents: List()
26/10/02 15:31:16 INFO DAGScheduler: Missing parents found for ResultStage 56: List()
26/10/02 15:31:16 INFO DAGScheduler: Submitting ResultStage 56 (MapPartitionsRDD[136] at $anonfun$withThreadLocalCaptured$1 at CompletableFuture.java:1768), which has no missing parents
26/10/02 15:31:16 INFO MemoryStore: Block broadcast_60 stored as values in memory (estimated size 54.2 KiB, free 433.2 MiB)
26/10/02 15:31:16 INFO MemoryStore: Block broadcast_60_piece0 stored as bytes in memory (estimated size 21.3 KiB, free 433.2 MiB)
26/10/02 15:31:16 INFO SparkContext: Created broadcast 60 from broadcast at DAGScheduler.scala:1760
26/10/02 15:31:16 INFO DAGScheduler: Submitting 1 missing tasks from ResultStage 56 (MapPartitionsRDD[136] at $anonfun$withThreadLocalCaptured$1 at CompletableFuture.java:1768) (first 15 tasks are for partitions Vector(0))
26/10/02 15:31:16 INFO TaskSchedulerImpl: Adding task set 56.0 with 1 tasks resource profile 0
26/10/02 15:31:16 INFO TaskSetManager: Starting task 0.0 in stage 56.0 (TID 33) (127.0.0.1,executor 0, partition 0, NODE_LOCAL, 9635 bytes) 
26/10/02 15:31:16 INFO MapOutputTrackerMasterEndpoint: Asked to send map output locations for shuffle 14 to 127.0.0.1:45486
26/10/02 15:31:16 INFO TaskSetManager: Finished task 0.0 in stage 56.0 (TID 33) in 162 ms on 127.0.0.1 (executor 0) (1/1)
26/10/02 15:31:16 INFO TaskSchedulerImpl: Removed TaskSet 56.0 whose tasks have all completed, from pool 
26/10/02 15:31:16 INFO DAGScheduler: ResultStage 56 ($anonfun$withThreadLocalCaptured$1 at CompletableFuture.java:1768) finished in 191 ms
26/10/02 15:31:16 INFO DAGScheduler: Job 33 is finished. Cancelling potential speculative or zombie tasks for this job
26/10/02 15:31:16 INFO TaskSchedulerImpl: Canceling stage 56
26/10/02 15:31:16 INFO TaskSchedulerImpl: Killing all running tasks in stage 56: Stage finished
26/10/02 15:31:16 INFO DAGScheduler: Job 33 finished: $anonfun$withThreadLocalCaptured$1 at CompletableFuture.java:1768, took 223.514683 ms
26/10/02 15:31:16 INFO MemoryStore: Block broadcast_61_piece0 stored as bytes in memory (estimated size 2.0 KiB, free 433.2 MiB)
26/10/02 15:31:16 INFO SparkContext: Created broadcast 61 from $anonfun$withThreadLocalCaptured$1 at CompletableFuture.java:1768
26/10/02 15:31:16 INFO TaskSetManager: Finished task 0.0 in stage 53.0 (TID 31) in 1416 ms on 127.0.0.1 (executor 1) (1/1)
26/10/02 15:31:16 INFO TaskSchedulerImpl: Removed TaskSet 53.0 whose tasks have all completed, from pool 
26/10/02 15:31:16 INFO DAGScheduler: ShuffleMapStage 53 ($anonfun$withThreadLocalCaptured$1 at CompletableFuture.java:1768) finished in 1497 ms
26/10/02 15:31:16 INFO DAGScheduler: looking for newly runnable stages
26/10/02 15:31:16 INFO DAGScheduler: running: HashSet()
26/10/02 15:31:16 INFO DAGScheduler: waiting: HashSet()
26/10/02 15:31:16 INFO DAGScheduler: failed: HashSet()
26/10/02 15:31:17 INFO ShufflePartitionsUtil: For shuffle(13, advisory target size: 67108864, actual target size 1048576, minimum partition size: 1048576
26/10/02 15:31:17 INFO HashAggregateExec: spark.sql.codegen.aggregate.map.twolevel.enabled is set to true, but current version of codegened fast hashmap does not support this aggregate.
26/10/02 15:31:17 INFO DAGScheduler: Registering RDD 140 ($anonfun$withThreadLocalCaptured$1 at CompletableFuture.java:1768) as input to shuffle 15
26/10/02 15:31:17 INFO DAGScheduler: Got map stage job 34 ($anonfun$withThreadLocalCaptured$1 at CompletableFuture.java:1768) with 1 output partitions
26/10/02 15:31:17 INFO DAGScheduler: Final stage: ShuffleMapStage 58 ($anonfun$withThreadLocalCaptured$1 at CompletableFuture.java:1768)
26/10/02 15:31:17 INFO DAGScheduler: Parents of final stage: List(ShuffleMapStage 57)
26/10/02 15:31:17 INFO DAGScheduler: Missing parents: List()
26/10/02 15:31:17 INFO DAGScheduler: Missing parents found for ShuffleMapStage 58: List()
26/10/02 15:31:17 INFO DAGScheduler: Submitting ShuffleMapStage 58 (MapPartitionsRDD[140] at $anonfun$withThreadLocalCaptured$1 at CompletableFuture.java:1768), which has no missing parents
26/10/02 15:31:17 INFO MemoryStore: Block broadcast_62 stored as values in memory (estimated size 65.8 KiB, free 433.1 MiB)
26/10/02 15:31:17 INFO MemoryStore: Block broadcast_62_piece0 stored as bytes in memory (estimated size 24.2 KiB, free 433.1 MiB)
26/10/02 15:31:17 INFO SparkContext: Created broadcast 62 from broadcast at DAGScheduler.scala:1760
26/10/02 15:31:17 INFO DAGScheduler: Submitting 1 missing tasks from ShuffleMapStage 58 (MapPartitionsRDD[140] at $anonfun$withThreadLocalCaptured$1 at CompletableFuture.java:1768) (first 15 tasks are for partitions Vector(0))
26/10/02 15:31:17 INFO TaskSchedulerImpl: Adding task set 58.0 with 1 tasks resource profile 0
26/10/02 15:31:17 INFO TaskSetManager: Starting task 0.0 in stage 58.0 (TID 34) (127.0.0.1,executor 1, partition 0, NODE_LOCAL, 9624 bytes) 
26/10/02 15:31:17 INFO MapOutputTrackerMasterEndpoint: Asked to send map output locations for shuffle 13 to 127.0.0.1:45488
26/10/02 15:31:17 INFO TaskSetManager: Finished task 0.0 in stage 58.0 (TID 34) in 219 ms on 127.0.0.1 (executor 1) (1/1)
26/10/02 15:31:17 INFO TaskSchedulerImpl: Removed TaskSet 58.0 whose tasks have all completed, from pool 
26/10/02 15:31:17 INFO DAGScheduler: ShuffleMapStage 58 ($anonfun$withThreadLocalCaptured$1 at CompletableFuture.java:1768) finished in 229 ms
26/10/02 15:31:17 INFO DAGScheduler: looking for newly runnable stages
26/10/02 15:31:17 INFO DAGScheduler: running: HashSet()
26/10/02 15:31:17 INFO DAGScheduler: waiting: HashSet()
26/10/02 15:31:17 INFO DAGScheduler: failed: HashSet()
26/10/02 15:31:17 INFO ShufflePartitionsUtil: For shuffle(15, advisory target size: 67108864, actual target size 1048576, minimum partition size: 1048576
26/10/02 15:31:17 INFO PathOutputCommitterFactory: No output committer factory defined, defaulting to FileOutputCommitterFactory
26/10/02 15:31:17 INFO FileOutputCommitter: File Output Committer Algorithm version is 1
26/10/02 15:31:17 INFO FileOutputCommitter: FileOutputCommitter skip cleanup _temporary folders under output directory:false, ignore cleanup failures: false
26/10/02 15:31:17 INFO SQLHadoopMapReduceCommitProtocol: Using output committer class org.apache.hadoop.mapreduce.lib.output.FileOutputCommitter
26/10/02 15:31:17 INFO SparkContext: Starting job: $anonfun$withThreadLocalCaptured$1 at CompletableFuture.java:1768
26/10/02 15:31:17 INFO DAGScheduler: Got job 35 ($anonfun$withThreadLocalCaptured$1 at CompletableFuture.java:1768) with 1 output partitions
26/10/02 15:31:17 INFO DAGScheduler: Final stage: ResultStage 61 ($anonfun$withThreadLocalCaptured$1 at CompletableFuture.java:1768)
26/10/02 15:31:17 INFO DAGScheduler: Parents of final stage: List(ShuffleMapStage 60)
26/10/02 15:31:17 INFO DAGScheduler: Missing parents: List()
26/10/02 15:31:17 INFO DAGScheduler: Missing parents found for ResultStage 61: List()
26/10/02 15:31:17 INFO DAGScheduler: Submitting ResultStage 61 (MapPartitionsRDD[148] at $anonfun$withThreadLocalCaptured$1 at CompletableFuture.java:1768), which has no missing parents
26/10/02 15:31:17 INFO MemoryStore: Block broadcast_63 stored as values in memory (estimated size 333.4 KiB, free 432.8 MiB)
26/10/02 15:31:17 INFO MemoryStore: Block broadcast_63_piece0 stored as bytes in memory (estimated size 117.3 KiB, free 432.7 MiB)
26/10/02 15:31:17 INFO SparkContext: Created broadcast 63 from broadcast at DAGScheduler.scala:1760
26/10/02 15:31:17 INFO DAGScheduler: Submitting 1 missing tasks from ResultStage 61 (MapPartitionsRDD[148] at $anonfun$withThreadLocalCaptured$1 at CompletableFuture.java:1768) (first 15 tasks are for partitions Vector(0))
26/10/02 15:31:17 INFO TaskSchedulerImpl: Adding task set 61.0 with 1 tasks resource profile 0
26/10/02 15:31:17 INFO TaskSetManager: Starting task 0.0 in stage 61.0 (TID 35) (127.0.0.1,executor 0, partition 0, NODE_LOCAL, 9982 bytes) 
26/10/02 15:31:17 INFO MapOutputTrackerMasterEndpoint: Asked to send map output locations for shuffle 15 to 127.0.0.1:45486
26/10/02 15:31:17 INFO TaskSetManager: Finished task 0.0 in stage 61.0 (TID 35) in 380 ms on 127.0.0.1 (executor 0) (1/1)
26/10/02 15:31:17 INFO TaskSchedulerImpl: Removed TaskSet 61.0 whose tasks have all completed, from pool 
26/10/02 15:31:17 INFO DAGScheduler: ResultStage 61 ($anonfun$withThreadLocalCaptured$1 at CompletableFuture.java:1768) finished in 435 ms
26/10/02 15:31:17 INFO DAGScheduler: Job 35 is finished. Cancelling potential speculative or zombie tasks for this job
26/10/02 15:31:17 INFO TaskSchedulerImpl: Canceling stage 61
26/10/02 15:31:17 INFO TaskSchedulerImpl: Killing all running tasks in stage 61: Stage finished
26/10/02 15:31:17 INFO DAGScheduler: Job 35 finished: $anonfun$withThreadLocalCaptured$1 at CompletableFuture.java:1768, took 445.859694 ms
26/10/02 15:31:17 INFO FileFormatWriter: Start to commit write Job 8af1b729-82ac-406d-90df-a5273f541d96.
26/10/02 15:31:17 INFO FileFormatWriter: Write Job 8af1b729-82ac-406d-90df-a5273f541d96 committed. Elapsed time: 74 ms.
26/10/02 15:31:17 INFO FileFormatWriter: Finished processing stats for write job 8af1b729-82ac-406d-90df-a5273f541d96.
26/10/02 15:31:17 INFO DAGScheduler: Asked to cleanup jobs for query execution 7

=== task4 ===
26/10/02 15:31:18 INFO FileSourceStrategy: Pushed Filters: IsNotNull(timestamp)
26/10/02 15:31:18 INFO FileSourceStrategy: Post-Scan Filters: Set(isnotnull(timestamp#2), (hour(timestamp#2, Some(Etc/UTC)) >= 0), (hour(timestamp#2, Some(Etc/UTC)) <= 4))
26/10/02 15:31:18 INFO CodeGenerator: Code generated in 41.0047 ms
26/10/02 15:31:18 INFO MemoryStore: Block broadcast_64 stored as values in memory (estimated size 214.6 KiB, free 432.4 MiB)
26/10/02 15:31:18 INFO MemoryStore: Block broadcast_64_piece0 stored as bytes in memory (estimated size 39.6 KiB, free 432.4 MiB)
26/10/02 15:31:18 INFO SparkContext: Created broadcast 64 from $anonfun$withThreadLocalCaptured$1 at CompletableFuture.java:1768
26/10/02 15:31:18 INFO FileSourceScanExec: Planning scan with bin packing, max size: 4194304 bytes, open cost is considered as scanning 4194304 bytes.
26/10/02 15:31:18 INFO DAGScheduler: Registering RDD 152 ($anonfun$withThreadLocalCaptured$1 at CompletableFuture.java:1768) as input to shuffle 16
26/10/02 15:31:18 INFO DAGScheduler: Got map stage job 36 ($anonfun$withThreadLocalCaptured$1 at CompletableFuture.java:1768) with 1 output partitions
26/10/02 15:31:18 INFO DAGScheduler: Final stage: ShuffleMapStage 62 ($anonfun$withThreadLocalCaptured$1 at CompletableFuture.java:1768)
26/10/02 15:31:18 INFO DAGScheduler: Parents of final stage: List()
26/10/02 15:31:18 INFO DAGScheduler: Missing parents: List()
26/10/02 15:31:18 INFO DAGScheduler: Missing parents found for ShuffleMapStage 62: List()
26/10/02 15:31:18 INFO DAGScheduler: Submitting ShuffleMapStage 62 (MapPartitionsRDD[152] at $anonfun$withThreadLocalCaptured$1 at CompletableFuture.java:1768), which has no missing parents
26/10/02 15:31:18 INFO MemoryStore: Block broadcast_65 stored as values in memory (estimated size 44.2 KiB, free 432.4 MiB)
26/10/02 15:31:18 INFO MemoryStore: Block broadcast_65_piece0 stored as bytes in memory (estimated size 17.8 KiB, free 432.3 MiB)
26/10/02 15:31:18 INFO SparkContext: Created broadcast 65 from broadcast at DAGScheduler.scala:1760
26/10/02 15:31:18 INFO DAGScheduler: Submitting 1 missing tasks from ShuffleMapStage 62 (MapPartitionsRDD[152] at $anonfun$withThreadLocalCaptured$1 at CompletableFuture.java:1768) (first 15 tasks are for partitions Vector(0))
26/10/02 15:31:18 INFO TaskSchedulerImpl: Adding task set 62.0 with 1 tasks resource profile 0
26/10/02 15:31:18 INFO TaskSetManager: Starting task 0.0 in stage 62.0 (TID 36) (127.0.0.1,executor 1, partition 0, PROCESS_LOCAL, 10245 bytes) 
26/10/02 15:31:18 INFO TaskSetManager: Finished task 0.0 in stage 62.0 (TID 36) in 313 ms on 127.0.0.1 (executor 1) (1/1)
26/10/02 15:31:18 INFO TaskSchedulerImpl: Removed TaskSet 62.0 whose tasks have all completed, from pool 
26/10/02 15:31:18 INFO DAGScheduler: ShuffleMapStage 62 ($anonfun$withThreadLocalCaptured$1 at CompletableFuture.java:1768) finished in 331 ms
26/10/02 15:31:18 INFO DAGScheduler: looking for newly runnable stages
26/10/02 15:31:18 INFO DAGScheduler: running: HashSet()
26/10/02 15:31:18 INFO DAGScheduler: waiting: HashSet()
26/10/02 15:31:18 INFO DAGScheduler: failed: HashSet()
26/10/02 15:31:18 INFO ShufflePartitionsUtil: For shuffle(16, advisory target size: 67108864, actual target size 1048576, minimum partition size: 1048576
26/10/02 15:31:18 INFO CodeGenerator: Code generated in 41.747806 ms
26/10/02 15:31:18 INFO HashAggregateExec: spark.sql.codegen.aggregate.map.twolevel.enabled is set to true, but current version of codegened fast hashmap does not support this aggregate.
26/10/02 15:31:18 INFO CodeGenerator: Code generated in 71.891276 ms
26/10/02 15:31:18 INFO SparkContext: Starting job: $anonfun$withThreadLocalCaptured$1 at CompletableFuture.java:1768
26/10/02 15:31:18 INFO DAGScheduler: Got job 37 ($anonfun$withThreadLocalCaptured$1 at CompletableFuture.java:1768) with 1 output partitions
26/10/02 15:31:18 INFO DAGScheduler: Final stage: ResultStage 64 ($anonfun$withThreadLocalCaptured$1 at CompletableFuture.java:1768)
26/10/02 15:31:18 INFO DAGScheduler: Parents of final stage: List(ShuffleMapStage 63)
26/10/02 15:31:18 INFO DAGScheduler: Missing parents: List()
26/10/02 15:31:18 INFO DAGScheduler: Missing parents found for ResultStage 64: List()
26/10/02 15:31:18 INFO DAGScheduler: Submitting ResultStage 64 (MapPartitionsRDD[156] at $anonfun$withThreadLocalCaptured$1 at CompletableFuture.java:1768), which has no missing parents
26/10/02 15:31:18 INFO MemoryStore: Block broadcast_66 stored as values in memory (estimated size 50.6 KiB, free 433.1 MiB)
26/10/02 15:31:18 INFO MemoryStore: Block broadcast_66_piece0 stored as bytes in memory (estimated size 20.2 KiB, free 433.1 MiB)
26/10/02 15:31:19 INFO SparkContext: Created broadcast 66 from broadcast at DAGScheduler.scala:1760
26/10/02 15:31:19 INFO DAGScheduler: Submitting 1 missing tasks from ResultStage 64 (MapPartitionsRDD[156] at $anonfun$withThreadLocalCaptured$1 at CompletableFuture.java:1768) (first 15 tasks are for partitions Vector(0))
26/10/02 15:31:19 INFO TaskSchedulerImpl: Adding task set 64.0 with 1 tasks resource profile 0
26/10/02 15:31:19 INFO TaskSetManager: Starting task 0.0 in stage 64.0 (TID 37) (127.0.0.1,executor 0, partition 0, NODE_LOCAL, 9635 bytes) 
26/10/02 15:31:19 INFO MapOutputTrackerMasterEndpoint: Asked to send map output locations for shuffle 16 to 127.0.0.1:45486
26/10/02 15:31:19 INFO TaskSetManager: Finished task 0.0 in stage 64.0 (TID 37) in 434 ms on 127.0.0.1 (executor 0) (1/1)
26/10/02 15:31:19 INFO TaskSchedulerImpl: Removed TaskSet 64.0 whose tasks have all completed, from pool 
26/10/02 15:31:19 INFO DAGScheduler: ResultStage 64 ($anonfun$withThreadLocalCaptured$1 at CompletableFuture.java:1768) finished in 493 ms
26/10/02 15:31:19 INFO DAGScheduler: Job 37 is finished. Cancelling potential speculative or zombie tasks for this job
26/10/02 15:31:19 INFO TaskSchedulerImpl: Canceling stage 64
26/10/02 15:31:19 INFO TaskSchedulerImpl: Killing all running tasks in stage 64: Stage finished
26/10/02 15:31:19 INFO DAGScheduler: Job 37 finished: $anonfun$withThreadLocalCaptured$1 at CompletableFuture.java:1768, took 521.343108 ms
26/10/02 15:31:19 INFO CodeGenerator: Code generated in 61.327067 ms
26/10/02 15:31:19 INFO CodeGenerator: Code generated in 10.084284 ms
26/10/02 15:31:19 INFO DAGScheduler: Asked to cleanup jobs for query execution 8
+--------+-----------+
|user_id |night_plays|
+--------+-----------+
|user_100|6          |
|user_25 |5          |
|user_61 |5          |
|user_17 |4          |
|user_21 |4          |
|user_37 |4          |
|user_44 |4          |
|user_47 |4          |
|user_57 |4          |
|user_62 |4          |
|user_71 |4          |
|user_72 |4          |
|user_76 |4          |
|user_83 |4          |
|user_85 |4          |
|user_96 |4          |
|user_98 |4          |
|user_10 |3          |
|user_11 |3          |
|user_2  |3          |
+--------+-----------+
only showing top 20 rows
26/10/02 15:31:19 INFO FileSourceStrategy: Pushed Filters: IsNotNull(timestamp)
26/10/02 15:31:19 INFO FileSourceStrategy: Post-Scan Filters: Set(isnotnull(timestamp#2), (hour(timestamp#2, Some(Etc/UTC)) >= 0), (hour(timestamp#2, Some(Etc/UTC)) <= 4))
26/10/02 15:31:19 INFO MemoryStore: Block broadcast_67 stored as values in memory (estimated size 214.6 KiB, free 433.9 MiB)
26/10/02 15:31:19 INFO MemoryStore: Block broadcast_67_piece0 stored as bytes in memory (estimated size 39.6 KiB, free 433.8 MiB)
26/10/02 15:31:19 INFO SparkContext: Created broadcast 67 from $anonfun$withThreadLocalCaptured$1 at CompletableFuture.java:1768
26/10/02 15:31:19 INFO FileSourceScanExec: Planning scan with bin packing, max size: 4194304 bytes, open cost is considered as scanning 4194304 bytes.
26/10/02 15:31:19 INFO DAGScheduler: Registering RDD 160 ($anonfun$withThreadLocalCaptured$1 at CompletableFuture.java:1768) as input to shuffle 17
26/10/02 15:31:19 INFO DAGScheduler: Got map stage job 38 ($anonfun$withThreadLocalCaptured$1 at CompletableFuture.java:1768) with 1 output partitions
26/10/02 15:31:19 INFO DAGScheduler: Final stage: ShuffleMapStage 65 ($anonfun$withThreadLocalCaptured$1 at CompletableFuture.java:1768)
26/10/02 15:31:19 INFO DAGScheduler: Parents of final stage: List()
26/10/02 15:31:19 INFO DAGScheduler: Missing parents: List()
26/10/02 15:31:19 INFO DAGScheduler: Missing parents found for ShuffleMapStage 65: List()
26/10/02 15:31:19 INFO DAGScheduler: Submitting ShuffleMapStage 65 (MapPartitionsRDD[160] at $anonfun$withThreadLocalCaptured$1 at CompletableFuture.java:1768), which has no missing parents
26/10/02 15:31:19 INFO MemoryStore: Block broadcast_68 stored as values in memory (estimated size 44.4 KiB, free 433.8 MiB)
26/10/02 15:31:19 INFO MemoryStore: Block broadcast_68_piece0 stored as bytes in memory (estimated size 17.9 KiB, free 433.8 MiB)
26/10/02 15:31:19 INFO SparkContext: Created broadcast 68 from broadcast at DAGScheduler.scala:1760
26/10/02 15:31:19 INFO DAGScheduler: Submitting 1 missing tasks from ShuffleMapStage 65 (MapPartitionsRDD[160] at $anonfun$withThreadLocalCaptured$1 at CompletableFuture.java:1768) (first 15 tasks are for partitions Vector(0))
26/10/02 15:31:19 INFO TaskSchedulerImpl: Adding task set 65.0 with 1 tasks resource profile 0
26/10/02 15:31:19 INFO TaskSetManager: Starting task 0.0 in stage 65.0 (TID 38) (127.0.0.1,executor 0, partition 0, PROCESS_LOCAL, 10245 bytes) 
26/10/02 15:31:20 INFO TaskSetManager: Finished task 0.0 in stage 65.0 (TID 38) in 466 ms on 127.0.0.1 (executor 0) (1/1)
26/10/02 15:31:20 INFO TaskSchedulerImpl: Removed TaskSet 65.0 whose tasks have all completed, from pool 
26/10/02 15:31:20 INFO DAGScheduler: ShuffleMapStage 65 ($anonfun$withThreadLocalCaptured$1 at CompletableFuture.java:1768) finished in 497 ms
26/10/02 15:31:20 INFO DAGScheduler: looking for newly runnable stages
26/10/02 15:31:20 INFO DAGScheduler: running: HashSet()
26/10/02 15:31:20 INFO DAGScheduler: waiting: HashSet()
26/10/02 15:31:20 INFO DAGScheduler: failed: HashSet()
26/10/02 15:31:20 INFO ShufflePartitionsUtil: For shuffle(17, advisory target size: 67108864, actual target size 1048576, minimum partition size: 1048576
26/10/02 15:31:20 INFO HashAggregateExec: spark.sql.codegen.aggregate.map.twolevel.enabled is set to true, but current version of codegened fast hashmap does not support this aggregate.
26/10/02 15:31:20 INFO CodeGenerator: Code generated in 29.158643 ms
26/10/02 15:31:20 INFO SparkContext: Starting job: $anonfun$withThreadLocalCaptured$1 at CompletableFuture.java:1768
26/10/02 15:31:20 INFO DAGScheduler: Got job 39 ($anonfun$withThreadLocalCaptured$1 at CompletableFuture.java:1768) with 1 output partitions
26/10/02 15:31:20 INFO DAGScheduler: Final stage: ResultStage 67 ($anonfun$withThreadLocalCaptured$1 at CompletableFuture.java:1768)
26/10/02 15:31:20 INFO DAGScheduler: Parents of final stage: List(ShuffleMapStage 66)
26/10/02 15:31:20 INFO DAGScheduler: Missing parents: List()
26/10/02 15:31:20 INFO DAGScheduler: Missing parents found for ResultStage 67: List()
26/10/02 15:31:20 INFO DAGScheduler: Submitting ResultStage 67 (MapPartitionsRDD[165] at $anonfun$withThreadLocalCaptured$1 at CompletableFuture.java:1768), which has no missing parents
26/10/02 15:31:20 INFO MemoryStore: Block broadcast_69 stored as values in memory (estimated size 50.3 KiB, free 433.7 MiB)
26/10/02 15:31:20 INFO MemoryStore: Block broadcast_69_piece0 stored as bytes in memory (estimated size 20.2 KiB, free 433.7 MiB)
26/10/02 15:31:20 INFO SparkContext: Created broadcast 69 from broadcast at DAGScheduler.scala:1760
26/10/02 15:31:20 INFO DAGScheduler: Submitting 1 missing tasks from ResultStage 67 (MapPartitionsRDD[165] at $anonfun$withThreadLocalCaptured$1 at CompletableFuture.java:1768) (first 15 tasks are for partitions Vector(0))
26/10/02 15:31:20 INFO TaskSchedulerImpl: Adding task set 67.0 with 1 tasks resource profile 0
26/10/02 15:31:20 INFO TaskSetManager: Starting task 0.0 in stage 67.0 (TID 39) (127.0.0.1,executor 0, partition 0, NODE_LOCAL, 9635 bytes) 
26/10/02 15:31:20 INFO MapOutputTrackerMasterEndpoint: Asked to send map output locations for shuffle 17 to 127.0.0.1:45486
26/10/02 15:31:20 INFO TaskSetManager: Finished task 0.0 in stage 67.0 (TID 39) in 124 ms on 127.0.0.1 (executor 0) (1/1)
26/10/02 15:31:20 INFO DAGScheduler: ResultStage 67 ($anonfun$withThreadLocalCaptured$1 at CompletableFuture.java:1768) finished in 153 ms
26/10/02 15:31:20 INFO TaskSchedulerImpl: Removed TaskSet 67.0 whose tasks have all completed, from pool 
26/10/02 15:31:20 INFO DAGScheduler: Job 39 is finished. Cancelling potential speculative or zombie tasks for this job
26/10/02 15:31:20 INFO TaskSchedulerImpl: Canceling stage 67
26/10/02 15:31:20 INFO TaskSchedulerImpl: Killing all running tasks in stage 67: Stage finished
26/10/02 15:31:20 INFO DAGScheduler: Job 39 finished: $anonfun$withThreadLocalCaptured$1 at CompletableFuture.java:1768, took 176.475878 ms
26/10/02 15:31:20 INFO DAGScheduler: Registering RDD 166 ($anonfun$withThreadLocalCaptured$1 at CompletableFuture.java:1768) as input to shuffle 18
26/10/02 15:31:20 INFO DAGScheduler: Got map stage job 40 ($anonfun$withThreadLocalCaptured$1 at CompletableFuture.java:1768) with 1 output partitions
26/10/02 15:31:20 INFO DAGScheduler: Final stage: ShuffleMapStage 69 ($anonfun$withThreadLocalCaptured$1 at CompletableFuture.java:1768)
26/10/02 15:31:20 INFO DAGScheduler: Parents of final stage: List(ShuffleMapStage 68)
26/10/02 15:31:20 INFO DAGScheduler: Missing parents: List()
26/10/02 15:31:20 INFO DAGScheduler: Missing parents found for ShuffleMapStage 69: List()
26/10/02 15:31:20 INFO DAGScheduler: Submitting ShuffleMapStage 69 (MapPartitionsRDD[166] at $anonfun$withThreadLocalCaptured$1 at CompletableFuture.java:1768), which has no missing parents
26/10/02 15:31:20 INFO MemoryStore: Block broadcast_70 stored as values in memory (estimated size 57.4 KiB, free 433.6 MiB)
26/10/02 15:31:20 INFO MemoryStore: Block broadcast_70_piece0 stored as bytes in memory (estimated size 21.1 KiB, free 433.6 MiB)
26/10/02 15:31:20 INFO SparkContext: Created broadcast 70 from broadcast at DAGScheduler.scala:1760
26/10/02 15:31:20 INFO DAGScheduler: Submitting 1 missing tasks from ShuffleMapStage 69 (MapPartitionsRDD[166] at $anonfun$withThreadLocalCaptured$1 at CompletableFuture.java:1768) (first 15 tasks are for partitions Vector(0))
26/10/02 15:31:20 INFO TaskSchedulerImpl: Adding task set 69.0 with 1 tasks resource profile 0
26/10/02 15:31:20 INFO TaskSetManager: Starting task 0.0 in stage 69.0 (TID 40) (127.0.0.1,executor 1, partition 0, NODE_LOCAL, 9624 bytes) 
26/10/02 15:31:20 INFO MapOutputTrackerMasterEndpoint: Asked to send map output locations for shuffle 17 to 127.0.0.1:45488
26/10/02 15:31:20 INFO TaskSetManager: Finished task 0.0 in stage 69.0 (TID 40) in 179 ms on 127.0.0.1 (executor 1) (1/1)
26/10/02 15:31:20 INFO DAGScheduler: ShuffleMapStage 69 ($anonfun$withThreadLocalCaptured$1 at CompletableFuture.java:1768) finished in 193 ms
26/10/02 15:31:20 INFO DAGScheduler: looking for newly runnable stages
26/10/02 15:31:20 INFO DAGScheduler: running: HashSet()
26/10/02 15:31:20 INFO TaskSchedulerImpl: Removed TaskSet 69.0 whose tasks have all completed, from pool 
26/10/02 15:31:20 INFO DAGScheduler: waiting: HashSet()
26/10/02 15:31:20 INFO DAGScheduler: failed: HashSet()
26/10/02 15:31:20 INFO ShufflePartitionsUtil: For shuffle(18, advisory target size: 67108864, actual target size 1048576, minimum partition size: 1048576
26/10/02 15:31:20 INFO PathOutputCommitterFactory: No output committer factory defined, defaulting to FileOutputCommitterFactory
26/10/02 15:31:20 INFO FileOutputCommitter: File Output Committer Algorithm version is 1
26/10/02 15:31:20 INFO FileOutputCommitter: FileOutputCommitter skip cleanup _temporary folders under output directory:false, ignore cleanup failures: false
26/10/02 15:31:20 INFO SQLHadoopMapReduceCommitProtocol: Using output committer class org.apache.hadoop.mapreduce.lib.output.FileOutputCommitter
26/10/02 15:31:20 INFO CodeGenerator: Code generated in 16.692253 ms
26/10/02 15:31:20 INFO SparkContext: Starting job: $anonfun$withThreadLocalCaptured$1 at CompletableFuture.java:1768
26/10/02 15:31:20 INFO DAGScheduler: Got job 41 ($anonfun$withThreadLocalCaptured$1 at CompletableFuture.java:1768) with 1 output partitions
26/10/02 15:31:20 INFO DAGScheduler: Final stage: ResultStage 72 ($anonfun$withThreadLocalCaptured$1 at CompletableFuture.java:1768)
26/10/02 15:31:20 INFO DAGScheduler: Parents of final stage: List(ShuffleMapStage 71)
26/10/02 15:31:20 INFO DAGScheduler: Missing parents: List()
26/10/02 15:31:20 INFO DAGScheduler: Missing parents found for ResultStage 72: List()
26/10/02 15:31:20 INFO DAGScheduler: Submitting ResultStage 72 (MapPartitionsRDD[170] at $anonfun$withThreadLocalCaptured$1 at CompletableFuture.java:1768), which has no missing parents
26/10/02 15:31:21 INFO MemoryStore: Block broadcast_71 stored as values in memory (estimated size 280.5 KiB, free 433.4 MiB)
26/10/02 15:31:21 INFO MemoryStore: Block broadcast_71_piece0 stored as bytes in memory (estimated size 100.7 KiB, free 433.3 MiB)
26/10/02 15:31:21 INFO SparkContext: Created broadcast 71 from broadcast at DAGScheduler.scala:1760
26/10/02 15:31:21 INFO DAGScheduler: Submitting 1 missing tasks from ResultStage 72 (MapPartitionsRDD[170] at $anonfun$withThreadLocalCaptured$1 at CompletableFuture.java:1768) (first 15 tasks are for partitions Vector(0))
26/10/02 15:31:21 INFO TaskSchedulerImpl: Adding task set 72.0 with 1 tasks resource profile 0
26/10/02 15:31:21 INFO TaskSetManager: Starting task 0.0 in stage 72.0 (TID 41) (127.0.0.1,executor 0, partition 0, NODE_LOCAL, 9982 bytes) 
26/10/02 15:31:21 INFO MapOutputTrackerMasterEndpoint: Asked to send map output locations for shuffle 18 to 127.0.0.1:45486
26/10/02 15:31:21 INFO TaskSetManager: Finished task 0.0 in stage 72.0 (TID 41) in 203 ms on 127.0.0.1 (executor 0) (1/1)
26/10/02 15:31:21 INFO TaskSchedulerImpl: Removed TaskSet 72.0 whose tasks have all completed, from pool 
26/10/02 15:31:21 INFO DAGScheduler: ResultStage 72 ($anonfun$withThreadLocalCaptured$1 at CompletableFuture.java:1768) finished in 258 ms
26/10/02 15:31:21 INFO DAGScheduler: Job 41 is finished. Cancelling potential speculative or zombie tasks for this job
26/10/02 15:31:21 INFO TaskSchedulerImpl: Canceling stage 72
26/10/02 15:31:21 INFO TaskSchedulerImpl: Killing all running tasks in stage 72: Stage finished
26/10/02 15:31:21 INFO DAGScheduler: Job 41 finished: $anonfun$withThreadLocalCaptured$1 at CompletableFuture.java:1768, took 268.231569 ms
26/10/02 15:31:21 INFO FileFormatWriter: Start to commit write Job 0c990241-6795-430d-a088-8156325eafc3.
26/10/02 15:31:21 INFO FileFormatWriter: Write Job 0c990241-6795-430d-a088-8156325eafc3 committed. Elapsed time: 34 ms.
26/10/02 15:31:21 INFO FileFormatWriter: Finished processing stats for write job 0c990241-6795-430d-a088-8156325eafc3.
26/10/02 15:31:21 INFO DAGScheduler: Asked to cleanup jobs for query execution 9
26/10/02 15:31:21 INFO SparkContext: SparkContext is stopping with exitCode 0 from stop at DirectMethodHandleAccessor.java:103.
26/10/02 15:31:21 INFO SparkUI: Stopped Spark web UI at http://localhost:4040
26/10/02 15:31:21 INFO StandaloneSchedulerBackend: Shutting down all executors
26/10/02 15:31:21 INFO StandaloneSchedulerBackend$StandaloneDriverEndpoint: Asking each executor to shut down
26/10/02 15:31:21 INFO MapOutputTrackerMasterEndpoint: MapOutputTrackerMasterEndpoint stopped!
26/10/02 15:31:21 INFO MemoryStore: MemoryStore cleared
26/10/02 15:31:21 INFO BlockManager: BlockManager stopped
26/10/02 15:31:21 INFO BlockManagerMaster: BlockManagerMaster stopped
26/10/02 15:31:21 INFO OutputCommitCoordinator$OutputCommitCoordinatorEndpoint: OutputCommitCoordinator stopped!
26/10/02 15:31:21 INFO SparkContext: Successfully stopped SparkContext (Uptime: 48476 ms)
